2025-01-05 20:32:13,157 ERROR Bad network state detected
2025-01-15 22:26:33,354 ERROR Bad network state detected
2025-01-15 22:26:33,354 ERROR Bad network state detected
2025-01-15 22:26:33,357 ERROR Bad network state detected
2025-01-15 22:26:33,357 ERROR Bad network state detected
2025-01-15 22:26:33,357 ERROR Bad network state detected
2025-01-15 22:26:33,363 INFO {'fc_fire': True, 'fc_pulse': -1, 'fc_pdelay': 5, 'fc_soft_armed': False, 'fc_redlines_armed': False, 'fc_state': 1}
2025-01-15 22:26:33,363 INFO {'fc_fire': True, 'fc_pulse': -1, 'fc_pdelay': 5, 'fc_soft_armed': False, 'fc_redlines_armed': False, 'fc_state': 1}
2025-01-15 22:26:33,363 INFO {'fc_fire': True, 'fc_pulse': -1, 'fc_pdelay': 5, 'fc_soft_armed': False, 'fc_redlines_armed': False, 'fc_state': 1}
2025-01-15 22:26:33,363 INFO {'fc_fire': True, 'fc_pulse': -1, 'fc_pdelay': 5, 'fc_soft_armed': False, 'fc_redlines_armed': False, 'fc_state': 1}
2025-01-15 22:26:33,363 INFO {'fc_fire': True, 'fc_pulse': -1, 'fc_pdelay': 5, 'fc_soft_armed': False, 'fc_redlines_armed': False, 'fc_state': 1}
2025-01-15 22:26:33,363 INFO {'fc_fire': True, 'fc_pulse': -1, 'fc_pdelay': 5, 'fc_soft_armed': False, 'fc_redlines_armed': False, 'fc_state': 1}
2025-01-15 22:26:33,368 INFO {'fc_fire': True, 'fc_pulse': -1, 'fc_pdelay': 5, 'fc_soft_armed': False, 'fc_redlines_armed': False, 'fc_state': 1}
2025-01-15 22:26:33,368 INFO {'fc_fire': True, 'fc_pulse': -1, 'fc_pdelay': 5, 'fc_soft_armed': False, 'fc_redlines_armed': False, 'fc_state': 1}
2025-01-15 22:26:33,368 INFO {'fc_fire': True, 'fc_pulse': -1, 'fc_pdelay': 5, 'fc_soft_armed': False, 'fc_redlines_armed': False, 'fc_state': 1}
2025-01-15 22:26:33,368 INFO {'fc_fire': True, 'fc_pulse': -1, 'fc_pdelay': 5, 'fc_soft_armed': False, 'fc_redlines_armed': False, 'fc_state': 1}
2025-01-15 22:26:33,368 INFO {'fc_fire': True, 'fc_pulse': -1, 'fc_pdelay': 5, 'fc_soft_armed': False, 'fc_redlines_armed': False, 'fc_state': 1}
2025-01-15 22:26:33,368 INFO {'fc_fire': True, 'fc_pulse': -1, 'fc_pdelay': 5, 'fc_soft_armed': False, 'fc_redlines_armed': False, 'fc_state': 1}
2025-01-15 22:26:33,368 INFO {'fc_fire': True, 'fc_pulse': -1, 'fc_pdelay': 5, 'fc_soft_armed': False, 'fc_redlines_armed': False, 'fc_state': 1}
2025-01-15 22:26:33,371 INFO {'fc_fire': True, 'fc_pulse': -1, 'fc_pdelay': 5, 'fc_soft_armed': False, 'fc_redlines_armed': False, 'fc_state': 1}
2025-01-15 22:26:33,371 INFO {'fc_fire': True, 'fc_pulse': -1, 'fc_pdelay': 5, 'fc_soft_armed': False, 'fc_redlines_armed': False, 'fc_state': 1}
2025-01-15 22:26:33,371 INFO {'fc_fire': True, 'fc_pulse': -1, 'fc_pdelay': 5, 'fc_soft_armed': False, 'fc_redlines_armed': False, 'fc_state': 1}
2025-01-15 22:26:33,371 INFO {'fc_fire': True, 'fc_pulse': -1, 'fc_pdelay': 5, 'fc_soft_armed': False, 'fc_redlines_armed': False, 'fc_state': 1}
2025-01-15 22:26:33,371 INFO {'fc_fire': True, 'fc_pulse': -1, 'fc_pdelay': 5, 'fc_soft_armed': False, 'fc_redlines_armed': False, 'fc_state': 1}
2025-01-15 22:26:33,371 INFO {'fc_fire': True, 'fc_pulse': -1, 'fc_pdelay': 5, 'fc_soft_armed': False, 'fc_redlines_armed': False, 'fc_state': 1}
2025-01-15 22:26:33,371 INFO {'fc_fire': True, 'fc_pulse': -1, 'fc_pdelay': 5, 'fc_soft_armed': False, 'fc_redlines_armed': False, 'fc_state': 1}
2025-01-15 22:26:33,371 INFO {'fc_fire': True, 'fc_pulse': -1, 'fc_pdelay': 5, 'fc_soft_armed': False, 'fc_redlines_armed': False, 'fc_state': 1}
2025-01-15 22:26:33,374 INFO {'fc_fire': False, 'fc_pulse': 1, 'fc_pdelay': 5000, 'fc_soft_armed': False, 'fc_redlines_armed': False, 'fc_state': 1}
2025-01-15 22:26:33,374 INFO {'fc_fire': False, 'fc_pulse': 1, 'fc_pdelay': 5000, 'fc_soft_armed': False, 'fc_redlines_armed': False, 'fc_state': 1}
2025-01-15 22:26:33,374 INFO {'fc_fire': False, 'fc_pulse': 1, 'fc_pdelay': 5000, 'fc_soft_armed': False, 'fc_redlines_armed': False, 'fc_state': 1}
2025-01-15 22:26:33,374 INFO {'fc_fire': False, 'fc_pulse': 1, 'fc_pdelay': 5000, 'fc_soft_armed': False, 'fc_redlines_armed': False, 'fc_state': 1}
2025-01-15 22:26:33,374 INFO {'fc_fire': False, 'fc_pulse': 1, 'fc_pdelay': 5000, 'fc_soft_armed': False, 'fc_redlines_armed': False, 'fc_state': 1}
2025-01-15 22:26:33,374 INFO {'fc_fire': False, 'fc_pulse': 1, 'fc_pdelay': 5000, 'fc_soft_armed': False, 'fc_redlines_armed': False, 'fc_state': 1}
2025-01-15 22:26:33,374 INFO {'fc_fire': False, 'fc_pulse': 1, 'fc_pdelay': 5000, 'fc_soft_armed': False, 'fc_redlines_armed': False, 'fc_state': 1}
2025-01-15 22:26:33,374 INFO {'fc_fire': False, 'fc_pulse': 1, 'fc_pdelay': 5000, 'fc_soft_armed': False, 'fc_redlines_armed': False, 'fc_state': 1}
2025-01-15 22:26:33,374 INFO {'fc_fire': False, 'fc_pulse': 1, 'fc_pdelay': 5000, 'fc_soft_armed': False, 'fc_redlines_armed': False, 'fc_state': 1}
2025-01-15 22:45:29,666 ERROR Bad network state detected
2025-01-15 22:45:29,666 ERROR Bad network state detected
2025-01-15 22:45:29,671 ERROR Bad network state detected
2025-01-15 22:45:29,671 ERROR Bad network state detected
2025-01-15 22:45:29,671 ERROR Bad network state detected
2025-01-15 22:45:29,676 INFO {'fc_fire': False, 'fc_pulse': 1, 'fc_pdelay': 5000, 'fc_soft_armed': True, 'fc_redlines_armed': False, 'fc_state': 1}
2025-01-15 22:45:29,676 INFO {'fc_fire': False, 'fc_pulse': 1, 'fc_pdelay': 5000, 'fc_soft_armed': True, 'fc_redlines_armed': False, 'fc_state': 1}
2025-01-15 22:45:29,676 INFO {'fc_fire': False, 'fc_pulse': 1, 'fc_pdelay': 5000, 'fc_soft_armed': True, 'fc_redlines_armed': False, 'fc_state': 1}
2025-01-15 22:45:29,676 INFO {'fc_fire': False, 'fc_pulse': 1, 'fc_pdelay': 5000, 'fc_soft_armed': True, 'fc_redlines_armed': False, 'fc_state': 1}
2025-01-15 22:45:29,676 INFO {'fc_fire': False, 'fc_pulse': 1, 'fc_pdelay': 5000, 'fc_soft_armed': True, 'fc_redlines_armed': False, 'fc_state': 1}
2025-01-15 22:45:29,678 INFO {'fc_fire': False, 'fc_pulse': 1, 'fc_pdelay': 5000, 'fc_soft_armed': False, 'fc_redlines_armed': False, 'fc_state': 1}
2025-01-15 22:45:29,678 INFO {'fc_fire': False, 'fc_pulse': 1, 'fc_pdelay': 5000, 'fc_soft_armed': False, 'fc_redlines_armed': False, 'fc_state': 1}
2025-01-15 22:45:29,678 INFO {'fc_fire': False, 'fc_pulse': 1, 'fc_pdelay': 5000, 'fc_soft_armed': False, 'fc_redlines_armed': False, 'fc_state': 1}
2025-01-15 22:45:29,678 INFO {'fc_fire': False, 'fc_pulse': 1, 'fc_pdelay': 5000, 'fc_soft_armed': False, 'fc_redlines_armed': False, 'fc_state': 1}
2025-01-15 22:45:29,678 INFO {'fc_fire': False, 'fc_pulse': 1, 'fc_pdelay': 5000, 'fc_soft_armed': False, 'fc_redlines_armed': False, 'fc_state': 1}
2025-01-15 22:45:29,678 INFO {'fc_fire': False, 'fc_pulse': 1, 'fc_pdelay': 5000, 'fc_soft_armed': False, 'fc_redlines_armed': False, 'fc_state': 1}
2025-01-15 22:45:29,681 INFO {'fc_fire': True, 'fc_pulse': -1, 'fc_pdelay': 5, 'fc_soft_armed': False, 'fc_redlines_armed': False, 'fc_state': 1}
2025-01-15 22:45:29,681 INFO {'fc_fire': True, 'fc_pulse': -1, 'fc_pdelay': 5, 'fc_soft_armed': False, 'fc_redlines_armed': False, 'fc_state': 1}
2025-01-15 22:45:29,681 INFO {'fc_fire': True, 'fc_pulse': -1, 'fc_pdelay': 5, 'fc_soft_armed': False, 'fc_redlines_armed': False, 'fc_state': 1}
2025-01-15 22:45:29,681 INFO {'fc_fire': True, 'fc_pulse': -1, 'fc_pdelay': 5, 'fc_soft_armed': False, 'fc_redlines_armed': False, 'fc_state': 1}
2025-01-15 22:45:29,681 INFO {'fc_fire': True, 'fc_pulse': -1, 'fc_pdelay': 5, 'fc_soft_armed': False, 'fc_redlines_armed': False, 'fc_state': 1}
2025-01-15 22:45:29,681 INFO {'fc_fire': True, 'fc_pulse': -1, 'fc_pdelay': 5, 'fc_soft_armed': False, 'fc_redlines_armed': False, 'fc_state': 1}
2025-01-15 22:45:29,681 INFO {'fc_fire': True, 'fc_pulse': -1, 'fc_pdelay': 5, 'fc_soft_armed': False, 'fc_redlines_armed': False, 'fc_state': 1}
2025-01-15 22:45:29,683 INFO {'fc_fire': True, 'fc_pulse': -1, 'fc_pdelay': 5, 'fc_soft_armed': False, 'fc_redlines_armed': False, 'fc_state': 1}
2025-01-15 22:45:29,683 INFO {'fc_fire': True, 'fc_pulse': -1, 'fc_pdelay': 5, 'fc_soft_armed': False, 'fc_redlines_armed': False, 'fc_state': 1}
2025-01-15 22:45:29,683 INFO {'fc_fire': True, 'fc_pulse': -1, 'fc_pdelay': 5, 'fc_soft_armed': False, 'fc_redlines_armed': False, 'fc_state': 1}
2025-01-15 22:45:29,683 INFO {'fc_fire': True, 'fc_pulse': -1, 'fc_pdelay': 5, 'fc_soft_armed': False, 'fc_redlines_armed': False, 'fc_state': 1}
2025-01-15 22:45:29,683 INFO {'fc_fire': True, 'fc_pulse': -1, 'fc_pdelay': 5, 'fc_soft_armed': False, 'fc_redlines_armed': False, 'fc_state': 1}
2025-01-15 22:45:29,683 INFO {'fc_fire': True, 'fc_pulse': -1, 'fc_pdelay': 5, 'fc_soft_armed': False, 'fc_redlines_armed': False, 'fc_state': 1}
2025-01-15 22:45:29,683 INFO {'fc_fire': True, 'fc_pulse': -1, 'fc_pdelay': 5, 'fc_soft_armed': False, 'fc_redlines_armed': False, 'fc_state': 1}
2025-01-15 22:45:29,683 INFO {'fc_fire': True, 'fc_pulse': -1, 'fc_pdelay': 5, 'fc_soft_armed': False, 'fc_redlines_armed': False, 'fc_state': 1}
2025-01-15 22:45:29,685 INFO {'fc_fire': False, 'fc_pulse': 1, 'fc_pdelay': 5000, 'fc_soft_armed': False, 'fc_redlines_armed': False, 'fc_state': 1}
2025-01-15 22:45:29,685 INFO {'fc_fire': False, 'fc_pulse': 1, 'fc_pdelay': 5000, 'fc_soft_armed': False, 'fc_redlines_armed': False, 'fc_state': 1}
2025-01-15 22:45:29,685 INFO {'fc_fire': False, 'fc_pulse': 1, 'fc_pdelay': 5000, 'fc_soft_armed': False, 'fc_redlines_armed': False, 'fc_state': 1}
2025-01-15 22:45:29,685 INFO {'fc_fire': False, 'fc_pulse': 1, 'fc_pdelay': 5000, 'fc_soft_armed': False, 'fc_redlines_armed': False, 'fc_state': 1}
2025-01-15 22:45:29,685 INFO {'fc_fire': False, 'fc_pulse': 1, 'fc_pdelay': 5000, 'fc_soft_armed': False, 'fc_redlines_armed': False, 'fc_state': 1}
2025-01-15 22:45:29,685 INFO {'fc_fire': False, 'fc_pulse': 1, 'fc_pdelay': 5000, 'fc_soft_armed': False, 'fc_redlines_armed': False, 'fc_state': 1}
2025-01-15 22:45:29,685 INFO {'fc_fire': False, 'fc_pulse': 1, 'fc_pdelay': 5000, 'fc_soft_armed': False, 'fc_redlines_armed': False, 'fc_state': 1}
2025-01-15 22:45:29,685 INFO {'fc_fire': False, 'fc_pulse': 1, 'fc_pdelay': 5000, 'fc_soft_armed': False, 'fc_redlines_armed': False, 'fc_state': 1}
2025-01-15 22:45:29,685 INFO {'fc_fire': False, 'fc_pulse': 1, 'fc_pdelay': 5000, 'fc_soft_armed': False, 'fc_redlines_armed': False, 'fc_state': 1}
2025-01-15 22:48:22,220 ERROR Bad network state detected
2025-01-15 22:48:22,220 ERROR Bad network state detected
2025-01-15 22:48:22,223 ERROR Bad network state detected
2025-01-15 22:48:22,223 ERROR Bad network state detected
2025-01-15 22:48:22,223 ERROR Bad network state detected
2025-01-15 22:48:22,227 INFO {'fc_fire': False, 'fc_pulse': 1, 'fc_pdelay': 5000, 'fc_soft_armed': True, 'fc_redlines_armed': False, 'fc_state': 1}
2025-01-15 22:48:22,227 INFO {'fc_fire': False, 'fc_pulse': 1, 'fc_pdelay': 5000, 'fc_soft_armed': True, 'fc_redlines_armed': False, 'fc_state': 1}
2025-01-15 22:48:22,227 INFO {'fc_fire': False, 'fc_pulse': 1, 'fc_pdelay': 5000, 'fc_soft_armed': True, 'fc_redlines_armed': False, 'fc_state': 1}
2025-01-15 22:48:22,227 INFO {'fc_fire': False, 'fc_pulse': 1, 'fc_pdelay': 5000, 'fc_soft_armed': True, 'fc_redlines_armed': False, 'fc_state': 1}
2025-01-15 22:48:22,227 INFO {'fc_fire': False, 'fc_pulse': 1, 'fc_pdelay': 5000, 'fc_soft_armed': True, 'fc_redlines_armed': False, 'fc_state': 1}
2025-01-15 22:48:22,230 INFO {'fc_fire': False, 'fc_pulse': 1, 'fc_pdelay': 5000, 'fc_soft_armed': False, 'fc_redlines_armed': True, 'fc_state': 1}
2025-01-15 22:48:22,230 INFO {'fc_fire': False, 'fc_pulse': 1, 'fc_pdelay': 5000, 'fc_soft_armed': False, 'fc_redlines_armed': True, 'fc_state': 1}
2025-01-15 22:48:22,230 INFO {'fc_fire': False, 'fc_pulse': 1, 'fc_pdelay': 5000, 'fc_soft_armed': False, 'fc_redlines_armed': True, 'fc_state': 1}
2025-01-15 22:48:22,230 INFO {'fc_fire': False, 'fc_pulse': 1, 'fc_pdelay': 5000, 'fc_soft_armed': False, 'fc_redlines_armed': True, 'fc_state': 1}
2025-01-15 22:48:22,230 INFO {'fc_fire': False, 'fc_pulse': 1, 'fc_pdelay': 5000, 'fc_soft_armed': False, 'fc_redlines_armed': True, 'fc_state': 1}
2025-01-15 22:48:22,230 INFO {'fc_fire': False, 'fc_pulse': 1, 'fc_pdelay': 5000, 'fc_soft_armed': False, 'fc_redlines_armed': True, 'fc_state': 1}
2025-01-15 22:48:22,232 INFO {'fc_fire': False, 'fc_pulse': 1, 'fc_pdelay': 5000, 'fc_soft_armed': False, 'fc_redlines_armed': False, 'fc_state': 1}
2025-01-15 22:48:22,232 INFO {'fc_fire': False, 'fc_pulse': 1, 'fc_pdelay': 5000, 'fc_soft_armed': False, 'fc_redlines_armed': False, 'fc_state': 1}
2025-01-15 22:48:22,232 INFO {'fc_fire': False, 'fc_pulse': 1, 'fc_pdelay': 5000, 'fc_soft_armed': False, 'fc_redlines_armed': False, 'fc_state': 1}
2025-01-15 22:48:22,232 INFO {'fc_fire': False, 'fc_pulse': 1, 'fc_pdelay': 5000, 'fc_soft_armed': False, 'fc_redlines_armed': False, 'fc_state': 1}
2025-01-15 22:48:22,232 INFO {'fc_fire': False, 'fc_pulse': 1, 'fc_pdelay': 5000, 'fc_soft_armed': False, 'fc_redlines_armed': False, 'fc_state': 1}
2025-01-15 22:48:22,232 INFO {'fc_fire': False, 'fc_pulse': 1, 'fc_pdelay': 5000, 'fc_soft_armed': False, 'fc_redlines_armed': False, 'fc_state': 1}
2025-01-15 22:48:22,232 INFO {'fc_fire': False, 'fc_pulse': 1, 'fc_pdelay': 5000, 'fc_soft_armed': False, 'fc_redlines_armed': False, 'fc_state': 1}
2025-01-15 22:48:22,234 INFO {'fc_fire': True, 'fc_pulse': -1, 'fc_pdelay': 5, 'fc_soft_armed': False, 'fc_redlines_armed': False, 'fc_state': 1}
2025-01-15 22:48:22,234 INFO {'fc_fire': True, 'fc_pulse': -1, 'fc_pdelay': 5, 'fc_soft_armed': False, 'fc_redlines_armed': False, 'fc_state': 1}
2025-01-15 22:48:22,234 INFO {'fc_fire': True, 'fc_pulse': -1, 'fc_pdelay': 5, 'fc_soft_armed': False, 'fc_redlines_armed': False, 'fc_state': 1}
2025-01-15 22:48:22,234 INFO {'fc_fire': True, 'fc_pulse': -1, 'fc_pdelay': 5, 'fc_soft_armed': False, 'fc_redlines_armed': False, 'fc_state': 1}
2025-01-15 22:48:22,234 INFO {'fc_fire': True, 'fc_pulse': -1, 'fc_pdelay': 5, 'fc_soft_armed': False, 'fc_redlines_armed': False, 'fc_state': 1}
2025-01-15 22:48:22,234 INFO {'fc_fire': True, 'fc_pulse': -1, 'fc_pdelay': 5, 'fc_soft_armed': False, 'fc_redlines_armed': False, 'fc_state': 1}
2025-01-15 22:48:22,234 INFO {'fc_fire': True, 'fc_pulse': -1, 'fc_pdelay': 5, 'fc_soft_armed': False, 'fc_redlines_armed': False, 'fc_state': 1}
2025-01-15 22:48:22,234 INFO {'fc_fire': True, 'fc_pulse': -1, 'fc_pdelay': 5, 'fc_soft_armed': False, 'fc_redlines_armed': False, 'fc_state': 1}
2025-01-15 22:48:22,237 INFO {'fc_fire': True, 'fc_pulse': -1, 'fc_pdelay': 5, 'fc_soft_armed': False, 'fc_redlines_armed': False, 'fc_state': 1}
2025-01-15 22:48:22,237 INFO {'fc_fire': True, 'fc_pulse': -1, 'fc_pdelay': 5, 'fc_soft_armed': False, 'fc_redlines_armed': False, 'fc_state': 1}
2025-01-15 22:48:22,237 INFO {'fc_fire': True, 'fc_pulse': -1, 'fc_pdelay': 5, 'fc_soft_armed': False, 'fc_redlines_armed': False, 'fc_state': 1}
2025-01-15 22:48:22,237 INFO {'fc_fire': True, 'fc_pulse': -1, 'fc_pdelay': 5, 'fc_soft_armed': False, 'fc_redlines_armed': False, 'fc_state': 1}
2025-01-15 22:48:22,237 INFO {'fc_fire': True, 'fc_pulse': -1, 'fc_pdelay': 5, 'fc_soft_armed': False, 'fc_redlines_armed': False, 'fc_state': 1}
2025-01-15 22:48:22,237 INFO {'fc_fire': True, 'fc_pulse': -1, 'fc_pdelay': 5, 'fc_soft_armed': False, 'fc_redlines_armed': False, 'fc_state': 1}
2025-01-15 22:48:22,237 INFO {'fc_fire': True, 'fc_pulse': -1, 'fc_pdelay': 5, 'fc_soft_armed': False, 'fc_redlines_armed': False, 'fc_state': 1}
2025-01-15 22:48:22,237 INFO {'fc_fire': True, 'fc_pulse': -1, 'fc_pdelay': 5, 'fc_soft_armed': False, 'fc_redlines_armed': False, 'fc_state': 1}
2025-01-15 22:48:22,237 INFO {'fc_fire': True, 'fc_pulse': -1, 'fc_pdelay': 5, 'fc_soft_armed': False, 'fc_redlines_armed': False, 'fc_state': 1}
2025-01-15 22:48:22,239 INFO {'fc_fire': False, 'fc_pulse': 1, 'fc_pdelay': 5000, 'fc_soft_armed': False, 'fc_redlines_armed': False, 'fc_state': 1}
2025-01-15 22:48:22,239 INFO {'fc_fire': False, 'fc_pulse': 1, 'fc_pdelay': 5000, 'fc_soft_armed': False, 'fc_redlines_armed': False, 'fc_state': 1}
2025-01-15 22:48:22,239 INFO {'fc_fire': False, 'fc_pulse': 1, 'fc_pdelay': 5000, 'fc_soft_armed': False, 'fc_redlines_armed': False, 'fc_state': 1}
2025-01-15 22:48:22,239 INFO {'fc_fire': False, 'fc_pulse': 1, 'fc_pdelay': 5000, 'fc_soft_armed': False, 'fc_redlines_armed': False, 'fc_state': 1}
2025-01-15 22:48:22,239 INFO {'fc_fire': False, 'fc_pulse': 1, 'fc_pdelay': 5000, 'fc_soft_armed': False, 'fc_redlines_armed': False, 'fc_state': 1}
2025-01-15 22:48:22,239 INFO {'fc_fire': False, 'fc_pulse': 1, 'fc_pdelay': 5000, 'fc_soft_armed': False, 'fc_redlines_armed': False, 'fc_state': 1}
2025-01-15 22:48:22,239 INFO {'fc_fire': False, 'fc_pulse': 1, 'fc_pdelay': 5000, 'fc_soft_armed': False, 'fc_redlines_armed': False, 'fc_state': 1}
2025-01-15 22:48:22,239 INFO {'fc_fire': False, 'fc_pulse': 1, 'fc_pdelay': 5000, 'fc_soft_armed': False, 'fc_redlines_armed': False, 'fc_state': 1}
2025-01-15 22:48:22,239 INFO {'fc_fire': False, 'fc_pulse': 1, 'fc_pdelay': 5000, 'fc_soft_armed': False, 'fc_redlines_armed': False, 'fc_state': 1}
2025-01-15 22:48:22,239 INFO {'fc_fire': False, 'fc_pulse': 1, 'fc_pdelay': 5000, 'fc_soft_armed': False, 'fc_redlines_armed': False, 'fc_state': 1}
2025-01-15 22:48:22,242 INFO {'fc_fire': False, 'fc_pulse': 1, 'fc_pdelay': 5000, 'fc_soft_armed': False, 'fc_redlines_armed': False, 'fc_state': 1}
2025-01-15 22:48:22,242 INFO {'fc_fire': False, 'fc_pulse': 1, 'fc_pdelay': 5000, 'fc_soft_armed': False, 'fc_redlines_armed': False, 'fc_state': 1}
2025-01-15 22:48:22,242 INFO {'fc_fire': False, 'fc_pulse': 1, 'fc_pdelay': 5000, 'fc_soft_armed': False, 'fc_redlines_armed': False, 'fc_state': 1}
2025-01-15 22:48:22,242 INFO {'fc_fire': False, 'fc_pulse': 1, 'fc_pdelay': 5000, 'fc_soft_armed': False, 'fc_redlines_armed': False, 'fc_state': 1}
2025-01-15 22:48:22,242 INFO {'fc_fire': False, 'fc_pulse': 1, 'fc_pdelay': 5000, 'fc_soft_armed': False, 'fc_redlines_armed': False, 'fc_state': 1}
2025-01-15 22:48:22,242 INFO {'fc_fire': False, 'fc_pulse': 1, 'fc_pdelay': 5000, 'fc_soft_armed': False, 'fc_redlines_armed': False, 'fc_state': 1}
2025-01-15 22:48:22,242 INFO {'fc_fire': False, 'fc_pulse': 1, 'fc_pdelay': 5000, 'fc_soft_armed': False, 'fc_redlines_armed': False, 'fc_state': 1}
2025-01-15 22:48:22,242 INFO {'fc_fire': False, 'fc_pulse': 1, 'fc_pdelay': 5000, 'fc_soft_armed': False, 'fc_redlines_armed': False, 'fc_state': 1}
2025-01-15 22:48:22,242 INFO {'fc_fire': False, 'fc_pulse': 1, 'fc_pdelay': 5000, 'fc_soft_armed': False, 'fc_redlines_armed': False, 'fc_state': 1}
2025-01-15 22:48:22,242 INFO {'fc_fire': False, 'fc_pulse': 1, 'fc_pdelay': 5000, 'fc_soft_armed': False, 'fc_redlines_armed': False, 'fc_state': 1}
2025-01-15 22:48:22,242 INFO {'fc_fire': False, 'fc_pulse': 1, 'fc_pdelay': 5000, 'fc_soft_armed': False, 'fc_redlines_armed': False, 'fc_state': 1}
2025-01-15 22:52:39,908 ERROR Bad network state detected
2025-01-15 22:52:39,908 ERROR Bad network state detected
2025-01-15 22:52:39,914 ERROR Bad network state detected
2025-01-15 22:52:39,914 ERROR Bad network state detected
2025-01-15 22:52:39,914 ERROR Bad network state detected
2025-01-15 22:52:39,917 INFO {'fc_fire': False, 'fc_pulse': 1, 'fc_pdelay': 5000, 'fc_soft_armed': True, 'fc_redlines_armed': False, 'fc_state': 1}
2025-01-15 22:52:39,917 INFO {'fc_fire': False, 'fc_pulse': 1, 'fc_pdelay': 5000, 'fc_soft_armed': True, 'fc_redlines_armed': False, 'fc_state': 1}
2025-01-15 22:52:39,917 INFO {'fc_fire': False, 'fc_pulse': 1, 'fc_pdelay': 5000, 'fc_soft_armed': True, 'fc_redlines_armed': False, 'fc_state': 1}
2025-01-15 22:52:39,917 INFO {'fc_fire': False, 'fc_pulse': 1, 'fc_pdelay': 5000, 'fc_soft_armed': True, 'fc_redlines_armed': False, 'fc_state': 1}
2025-01-15 22:52:39,917 INFO {'fc_fire': False, 'fc_pulse': 1, 'fc_pdelay': 5000, 'fc_soft_armed': True, 'fc_redlines_armed': False, 'fc_state': 1}
2025-01-15 22:52:39,920 INFO {'fc_fire': False, 'fc_pulse': 1, 'fc_pdelay': 5000, 'fc_soft_armed': False, 'fc_redlines_armed': True, 'fc_state': 1}
2025-01-15 22:52:39,920 INFO {'fc_fire': False, 'fc_pulse': 1, 'fc_pdelay': 5000, 'fc_soft_armed': False, 'fc_redlines_armed': True, 'fc_state': 1}
2025-01-15 22:52:39,920 INFO {'fc_fire': False, 'fc_pulse': 1, 'fc_pdelay': 5000, 'fc_soft_armed': False, 'fc_redlines_armed': True, 'fc_state': 1}
2025-01-15 22:52:39,920 INFO {'fc_fire': False, 'fc_pulse': 1, 'fc_pdelay': 5000, 'fc_soft_armed': False, 'fc_redlines_armed': True, 'fc_state': 1}
2025-01-15 22:52:39,920 INFO {'fc_fire': False, 'fc_pulse': 1, 'fc_pdelay': 5000, 'fc_soft_armed': False, 'fc_redlines_armed': True, 'fc_state': 1}
2025-01-15 22:52:39,920 INFO {'fc_fire': False, 'fc_pulse': 1, 'fc_pdelay': 5000, 'fc_soft_armed': False, 'fc_redlines_armed': True, 'fc_state': 1}
2025-01-15 22:52:39,923 INFO {'fc_fire': False, 'fc_pulse': 1, 'fc_pdelay': 5000, 'fc_soft_armed': False, 'fc_redlines_armed': False, 'fc_state': 1}
2025-01-15 22:52:39,923 INFO {'fc_fire': False, 'fc_pulse': 1, 'fc_pdelay': 5000, 'fc_soft_armed': False, 'fc_redlines_armed': False, 'fc_state': 1}
2025-01-15 22:52:39,923 INFO {'fc_fire': False, 'fc_pulse': 1, 'fc_pdelay': 5000, 'fc_soft_armed': False, 'fc_redlines_armed': False, 'fc_state': 1}
2025-01-15 22:52:39,923 INFO {'fc_fire': False, 'fc_pulse': 1, 'fc_pdelay': 5000, 'fc_soft_armed': False, 'fc_redlines_armed': False, 'fc_state': 1}
2025-01-15 22:52:39,923 INFO {'fc_fire': False, 'fc_pulse': 1, 'fc_pdelay': 5000, 'fc_soft_armed': False, 'fc_redlines_armed': False, 'fc_state': 1}
2025-01-15 22:52:39,923 INFO {'fc_fire': False, 'fc_pulse': 1, 'fc_pdelay': 5000, 'fc_soft_armed': False, 'fc_redlines_armed': False, 'fc_state': 1}
2025-01-15 22:52:39,923 INFO {'fc_fire': False, 'fc_pulse': 1, 'fc_pdelay': 5000, 'fc_soft_armed': False, 'fc_redlines_armed': False, 'fc_state': 1}
2025-01-15 22:52:39,926 INFO {'fc_fire': True, 'fc_pulse': -1, 'fc_pdelay': 5, 'fc_soft_armed': False, 'fc_redlines_armed': False, 'fc_state': 1}
2025-01-15 22:52:39,926 INFO {'fc_fire': True, 'fc_pulse': -1, 'fc_pdelay': 5, 'fc_soft_armed': False, 'fc_redlines_armed': False, 'fc_state': 1}
2025-01-15 22:52:39,926 INFO {'fc_fire': True, 'fc_pulse': -1, 'fc_pdelay': 5, 'fc_soft_armed': False, 'fc_redlines_armed': False, 'fc_state': 1}
2025-01-15 22:52:39,926 INFO {'fc_fire': True, 'fc_pulse': -1, 'fc_pdelay': 5, 'fc_soft_armed': False, 'fc_redlines_armed': False, 'fc_state': 1}
2025-01-15 22:52:39,926 INFO {'fc_fire': True, 'fc_pulse': -1, 'fc_pdelay': 5, 'fc_soft_armed': False, 'fc_redlines_armed': False, 'fc_state': 1}
2025-01-15 22:52:39,926 INFO {'fc_fire': True, 'fc_pulse': -1, 'fc_pdelay': 5, 'fc_soft_armed': False, 'fc_redlines_armed': False, 'fc_state': 1}
2025-01-15 22:52:39,926 INFO {'fc_fire': True, 'fc_pulse': -1, 'fc_pdelay': 5, 'fc_soft_armed': False, 'fc_redlines_armed': False, 'fc_state': 1}
2025-01-15 22:52:39,926 INFO {'fc_fire': True, 'fc_pulse': -1, 'fc_pdelay': 5, 'fc_soft_armed': False, 'fc_redlines_armed': False, 'fc_state': 1}
2025-01-15 22:52:39,928 INFO {'fc_fire': True, 'fc_pulse': -1, 'fc_pdelay': 5, 'fc_soft_armed': False, 'fc_redlines_armed': False, 'fc_state': 1}
2025-01-15 22:52:39,928 INFO {'fc_fire': True, 'fc_pulse': -1, 'fc_pdelay': 5, 'fc_soft_armed': False, 'fc_redlines_armed': False, 'fc_state': 1}
2025-01-15 22:52:39,928 INFO {'fc_fire': True, 'fc_pulse': -1, 'fc_pdelay': 5, 'fc_soft_armed': False, 'fc_redlines_armed': False, 'fc_state': 1}
2025-01-15 22:52:39,928 INFO {'fc_fire': True, 'fc_pulse': -1, 'fc_pdelay': 5, 'fc_soft_armed': False, 'fc_redlines_armed': False, 'fc_state': 1}
2025-01-15 22:52:39,928 INFO {'fc_fire': True, 'fc_pulse': -1, 'fc_pdelay': 5, 'fc_soft_armed': False, 'fc_redlines_armed': False, 'fc_state': 1}
2025-01-15 22:52:39,928 INFO {'fc_fire': True, 'fc_pulse': -1, 'fc_pdelay': 5, 'fc_soft_armed': False, 'fc_redlines_armed': False, 'fc_state': 1}
2025-01-15 22:52:39,928 INFO {'fc_fire': True, 'fc_pulse': -1, 'fc_pdelay': 5, 'fc_soft_armed': False, 'fc_redlines_armed': False, 'fc_state': 1}
2025-01-15 22:52:39,928 INFO {'fc_fire': True, 'fc_pulse': -1, 'fc_pdelay': 5, 'fc_soft_armed': False, 'fc_redlines_armed': False, 'fc_state': 1}
2025-01-15 22:52:39,928 INFO {'fc_fire': True, 'fc_pulse': -1, 'fc_pdelay': 5, 'fc_soft_armed': False, 'fc_redlines_armed': False, 'fc_state': 1}
2025-01-15 22:52:39,930 INFO {'fc_fire': False, 'fc_pulse': 1, 'fc_pdelay': 5000, 'fc_soft_armed': False, 'fc_redlines_armed': False, 'fc_state': 1}
2025-01-15 22:52:39,930 INFO {'fc_fire': False, 'fc_pulse': 1, 'fc_pdelay': 5000, 'fc_soft_armed': False, 'fc_redlines_armed': False, 'fc_state': 1}
2025-01-15 22:52:39,930 INFO {'fc_fire': False, 'fc_pulse': 1, 'fc_pdelay': 5000, 'fc_soft_armed': False, 'fc_redlines_armed': False, 'fc_state': 1}
2025-01-15 22:52:39,930 INFO {'fc_fire': False, 'fc_pulse': 1, 'fc_pdelay': 5000, 'fc_soft_armed': False, 'fc_redlines_armed': False, 'fc_state': 1}
2025-01-15 22:52:39,930 INFO {'fc_fire': False, 'fc_pulse': 1, 'fc_pdelay': 5000, 'fc_soft_armed': False, 'fc_redlines_armed': False, 'fc_state': 1}
2025-01-15 22:52:39,930 INFO {'fc_fire': False, 'fc_pulse': 1, 'fc_pdelay': 5000, 'fc_soft_armed': False, 'fc_redlines_armed': False, 'fc_state': 1}
2025-01-15 22:52:39,930 INFO {'fc_fire': False, 'fc_pulse': 1, 'fc_pdelay': 5000, 'fc_soft_armed': False, 'fc_redlines_armed': False, 'fc_state': 1}
2025-01-15 22:52:39,930 INFO {'fc_fire': False, 'fc_pulse': 1, 'fc_pdelay': 5000, 'fc_soft_armed': False, 'fc_redlines_armed': False, 'fc_state': 1}
2025-01-15 22:52:39,930 INFO {'fc_fire': False, 'fc_pulse': 1, 'fc_pdelay': 5000, 'fc_soft_armed': False, 'fc_redlines_armed': False, 'fc_state': 1}
2025-01-15 22:52:39,930 INFO {'fc_fire': False, 'fc_pulse': 1, 'fc_pdelay': 5000, 'fc_soft_armed': False, 'fc_redlines_armed': False, 'fc_state': 1}
2025-01-15 22:52:39,934 INFO {'fc_fire': False, 'fc_pulse': 1, 'fc_pdelay': 5000, 'fc_soft_armed': False, 'fc_redlines_armed': False, 'fc_state': 1}
2025-01-15 22:52:39,934 INFO {'fc_fire': False, 'fc_pulse': 1, 'fc_pdelay': 5000, 'fc_soft_armed': False, 'fc_redlines_armed': False, 'fc_state': 1}
2025-01-15 22:52:39,934 INFO {'fc_fire': False, 'fc_pulse': 1, 'fc_pdelay': 5000, 'fc_soft_armed': False, 'fc_redlines_armed': False, 'fc_state': 1}
2025-01-15 22:52:39,934 INFO {'fc_fire': False, 'fc_pulse': 1, 'fc_pdelay': 5000, 'fc_soft_armed': False, 'fc_redlines_armed': False, 'fc_state': 1}
2025-01-15 22:52:39,934 INFO {'fc_fire': False, 'fc_pulse': 1, 'fc_pdelay': 5000, 'fc_soft_armed': False, 'fc_redlines_armed': False, 'fc_state': 1}
2025-01-15 22:52:39,934 INFO {'fc_fire': False, 'fc_pulse': 1, 'fc_pdelay': 5000, 'fc_soft_armed': False, 'fc_redlines_armed': False, 'fc_state': 1}
2025-01-15 22:52:39,934 INFO {'fc_fire': False, 'fc_pulse': 1, 'fc_pdelay': 5000, 'fc_soft_armed': False, 'fc_redlines_armed': False, 'fc_state': 1}
2025-01-15 22:52:39,934 INFO {'fc_fire': False, 'fc_pulse': 1, 'fc_pdelay': 5000, 'fc_soft_armed': False, 'fc_redlines_armed': False, 'fc_state': 1}
2025-01-15 22:52:39,934 INFO {'fc_fire': False, 'fc_pulse': 1, 'fc_pdelay': 5000, 'fc_soft_armed': False, 'fc_redlines_armed': False, 'fc_state': 1}
2025-01-15 22:52:39,934 INFO {'fc_fire': False, 'fc_pulse': 1, 'fc_pdelay': 5000, 'fc_soft_armed': False, 'fc_redlines_armed': False, 'fc_state': 1}
2025-01-15 22:52:39,934 INFO {'fc_fire': False, 'fc_pulse': 1, 'fc_pdelay': 5000, 'fc_soft_armed': False, 'fc_redlines_armed': False, 'fc_state': 1}
2025-01-15 22:53:08,634 ERROR Bad network state detected
2025-01-15 22:53:08,634 ERROR Bad network state detected
2025-01-15 22:53:08,637 ERROR Bad network state detected
2025-01-15 22:53:08,637 ERROR Bad network state detected
2025-01-15 22:53:08,637 ERROR Bad network state detected
2025-01-15 22:53:08,643 INFO {'fc_fire': False, 'fc_pulse': 1, 'fc_pdelay': 5000, 'fc_soft_armed': True, 'fc_redlines_armed': False, 'fc_state': 1}
2025-01-15 22:53:08,643 INFO {'fc_fire': False, 'fc_pulse': 1, 'fc_pdelay': 5000, 'fc_soft_armed': True, 'fc_redlines_armed': False, 'fc_state': 1}
2025-01-15 22:53:08,643 INFO {'fc_fire': False, 'fc_pulse': 1, 'fc_pdelay': 5000, 'fc_soft_armed': True, 'fc_redlines_armed': False, 'fc_state': 1}
2025-01-15 22:53:08,643 INFO {'fc_fire': False, 'fc_pulse': 1, 'fc_pdelay': 5000, 'fc_soft_armed': True, 'fc_redlines_armed': False, 'fc_state': 1}
2025-01-15 22:53:08,643 INFO {'fc_fire': False, 'fc_pulse': 1, 'fc_pdelay': 5000, 'fc_soft_armed': True, 'fc_redlines_armed': False, 'fc_state': 1}
2025-01-15 22:53:08,648 INFO {'fc_fire': False, 'fc_pulse': 1, 'fc_pdelay': 5000, 'fc_soft_armed': False, 'fc_redlines_armed': True, 'fc_state': 1}
2025-01-15 22:53:08,648 INFO {'fc_fire': False, 'fc_pulse': 1, 'fc_pdelay': 5000, 'fc_soft_armed': False, 'fc_redlines_armed': True, 'fc_state': 1}
2025-01-15 22:53:08,648 INFO {'fc_fire': False, 'fc_pulse': 1, 'fc_pdelay': 5000, 'fc_soft_armed': False, 'fc_redlines_armed': True, 'fc_state': 1}
2025-01-15 22:53:08,648 INFO {'fc_fire': False, 'fc_pulse': 1, 'fc_pdelay': 5000, 'fc_soft_armed': False, 'fc_redlines_armed': True, 'fc_state': 1}
2025-01-15 22:53:08,648 INFO {'fc_fire': False, 'fc_pulse': 1, 'fc_pdelay': 5000, 'fc_soft_armed': False, 'fc_redlines_armed': True, 'fc_state': 1}
2025-01-15 22:53:08,648 INFO {'fc_fire': False, 'fc_pulse': 1, 'fc_pdelay': 5000, 'fc_soft_armed': False, 'fc_redlines_armed': True, 'fc_state': 1}
2025-01-15 22:53:08,651 INFO {'fc_fire': False, 'fc_pulse': 1, 'fc_pdelay': 5000, 'fc_soft_armed': False, 'fc_redlines_armed': False, 'fc_state': 1}
2025-01-15 22:53:08,651 INFO {'fc_fire': False, 'fc_pulse': 1, 'fc_pdelay': 5000, 'fc_soft_armed': False, 'fc_redlines_armed': False, 'fc_state': 1}
2025-01-15 22:53:08,651 INFO {'fc_fire': False, 'fc_pulse': 1, 'fc_pdelay': 5000, 'fc_soft_armed': False, 'fc_redlines_armed': False, 'fc_state': 1}
2025-01-15 22:53:08,651 INFO {'fc_fire': False, 'fc_pulse': 1, 'fc_pdelay': 5000, 'fc_soft_armed': False, 'fc_redlines_armed': False, 'fc_state': 1}
2025-01-15 22:53:08,651 INFO {'fc_fire': False, 'fc_pulse': 1, 'fc_pdelay': 5000, 'fc_soft_armed': False, 'fc_redlines_armed': False, 'fc_state': 1}
2025-01-15 22:53:08,651 INFO {'fc_fire': False, 'fc_pulse': 1, 'fc_pdelay': 5000, 'fc_soft_armed': False, 'fc_redlines_armed': False, 'fc_state': 1}
2025-01-15 22:53:08,651 INFO {'fc_fire': False, 'fc_pulse': 1, 'fc_pdelay': 5000, 'fc_soft_armed': False, 'fc_redlines_armed': False, 'fc_state': 1}
2025-01-15 22:53:08,654 INFO {'fc_fire': True, 'fc_pulse': -1, 'fc_pdelay': 5, 'fc_soft_armed': False, 'fc_redlines_armed': False, 'fc_state': 1}
2025-01-15 22:53:08,654 INFO {'fc_fire': True, 'fc_pulse': -1, 'fc_pdelay': 5, 'fc_soft_armed': False, 'fc_redlines_armed': False, 'fc_state': 1}
2025-01-15 22:53:08,654 INFO {'fc_fire': True, 'fc_pulse': -1, 'fc_pdelay': 5, 'fc_soft_armed': False, 'fc_redlines_armed': False, 'fc_state': 1}
2025-01-15 22:53:08,654 INFO {'fc_fire': True, 'fc_pulse': -1, 'fc_pdelay': 5, 'fc_soft_armed': False, 'fc_redlines_armed': False, 'fc_state': 1}
2025-01-15 22:53:08,654 INFO {'fc_fire': True, 'fc_pulse': -1, 'fc_pdelay': 5, 'fc_soft_armed': False, 'fc_redlines_armed': False, 'fc_state': 1}
2025-01-15 22:53:08,654 INFO {'fc_fire': True, 'fc_pulse': -1, 'fc_pdelay': 5, 'fc_soft_armed': False, 'fc_redlines_armed': False, 'fc_state': 1}
2025-01-15 22:53:08,654 INFO {'fc_fire': True, 'fc_pulse': -1, 'fc_pdelay': 5, 'fc_soft_armed': False, 'fc_redlines_armed': False, 'fc_state': 1}
2025-01-15 22:53:08,654 INFO {'fc_fire': True, 'fc_pulse': -1, 'fc_pdelay': 5, 'fc_soft_armed': False, 'fc_redlines_armed': False, 'fc_state': 1}
2025-01-15 22:53:08,657 INFO {'fc_fire': True, 'fc_pulse': -1, 'fc_pdelay': 5, 'fc_soft_armed': False, 'fc_redlines_armed': False, 'fc_state': 1}
2025-01-15 22:53:08,657 INFO {'fc_fire': True, 'fc_pulse': -1, 'fc_pdelay': 5, 'fc_soft_armed': False, 'fc_redlines_armed': False, 'fc_state': 1}
2025-01-15 22:53:08,657 INFO {'fc_fire': True, 'fc_pulse': -1, 'fc_pdelay': 5, 'fc_soft_armed': False, 'fc_redlines_armed': False, 'fc_state': 1}
2025-01-15 22:53:08,657 INFO {'fc_fire': True, 'fc_pulse': -1, 'fc_pdelay': 5, 'fc_soft_armed': False, 'fc_redlines_armed': False, 'fc_state': 1}
2025-01-15 22:53:08,657 INFO {'fc_fire': True, 'fc_pulse': -1, 'fc_pdelay': 5, 'fc_soft_armed': False, 'fc_redlines_armed': False, 'fc_state': 1}
2025-01-15 22:53:08,657 INFO {'fc_fire': True, 'fc_pulse': -1, 'fc_pdelay': 5, 'fc_soft_armed': False, 'fc_redlines_armed': False, 'fc_state': 1}
2025-01-15 22:53:08,657 INFO {'fc_fire': True, 'fc_pulse': -1, 'fc_pdelay': 5, 'fc_soft_armed': False, 'fc_redlines_armed': False, 'fc_state': 1}
2025-01-15 22:53:08,657 INFO {'fc_fire': True, 'fc_pulse': -1, 'fc_pdelay': 5, 'fc_soft_armed': False, 'fc_redlines_armed': False, 'fc_state': 1}
2025-01-15 22:53:08,657 INFO {'fc_fire': True, 'fc_pulse': -1, 'fc_pdelay': 5, 'fc_soft_armed': False, 'fc_redlines_armed': False, 'fc_state': 1}
2025-01-15 22:53:08,660 INFO {'fc_fire': False, 'fc_pulse': 1, 'fc_pdelay': 5000, 'fc_soft_armed': False, 'fc_redlines_armed': False, 'fc_state': 1}
2025-01-15 22:53:08,660 INFO {'fc_fire': False, 'fc_pulse': 1, 'fc_pdelay': 5000, 'fc_soft_armed': False, 'fc_redlines_armed': False, 'fc_state': 1}
2025-01-15 22:53:08,660 INFO {'fc_fire': False, 'fc_pulse': 1, 'fc_pdelay': 5000, 'fc_soft_armed': False, 'fc_redlines_armed': False, 'fc_state': 1}
2025-01-15 22:53:08,660 INFO {'fc_fire': False, 'fc_pulse': 1, 'fc_pdelay': 5000, 'fc_soft_armed': False, 'fc_redlines_armed': False, 'fc_state': 1}
2025-01-15 22:53:08,660 INFO {'fc_fire': False, 'fc_pulse': 1, 'fc_pdelay': 5000, 'fc_soft_armed': False, 'fc_redlines_armed': False, 'fc_state': 1}
2025-01-15 22:53:08,660 INFO {'fc_fire': False, 'fc_pulse': 1, 'fc_pdelay': 5000, 'fc_soft_armed': False, 'fc_redlines_armed': False, 'fc_state': 1}
2025-01-15 22:53:08,660 INFO {'fc_fire': False, 'fc_pulse': 1, 'fc_pdelay': 5000, 'fc_soft_armed': False, 'fc_redlines_armed': False, 'fc_state': 1}
2025-01-15 22:53:08,660 INFO {'fc_fire': False, 'fc_pulse': 1, 'fc_pdelay': 5000, 'fc_soft_armed': False, 'fc_redlines_armed': False, 'fc_state': 1}
2025-01-15 22:53:08,660 INFO {'fc_fire': False, 'fc_pulse': 1, 'fc_pdelay': 5000, 'fc_soft_armed': False, 'fc_redlines_armed': False, 'fc_state': 1}
2025-01-15 22:53:08,660 INFO {'fc_fire': False, 'fc_pulse': 1, 'fc_pdelay': 5000, 'fc_soft_armed': False, 'fc_redlines_armed': False, 'fc_state': 1}
2025-01-15 22:53:08,664 INFO {'fc_fire': False, 'fc_pulse': 1, 'fc_pdelay': 5000, 'fc_soft_armed': False, 'fc_redlines_armed': False, 'fc_state': 1}
2025-01-15 22:53:08,664 INFO {'fc_fire': False, 'fc_pulse': 1, 'fc_pdelay': 5000, 'fc_soft_armed': False, 'fc_redlines_armed': False, 'fc_state': 1}
2025-01-15 22:53:08,664 INFO {'fc_fire': False, 'fc_pulse': 1, 'fc_pdelay': 5000, 'fc_soft_armed': False, 'fc_redlines_armed': False, 'fc_state': 1}
2025-01-15 22:53:08,664 INFO {'fc_fire': False, 'fc_pulse': 1, 'fc_pdelay': 5000, 'fc_soft_armed': False, 'fc_redlines_armed': False, 'fc_state': 1}
2025-01-15 22:53:08,664 INFO {'fc_fire': False, 'fc_pulse': 1, 'fc_pdelay': 5000, 'fc_soft_armed': False, 'fc_redlines_armed': False, 'fc_state': 1}
2025-01-15 22:53:08,664 INFO {'fc_fire': False, 'fc_pulse': 1, 'fc_pdelay': 5000, 'fc_soft_armed': False, 'fc_redlines_armed': False, 'fc_state': 1}
2025-01-15 22:53:08,664 INFO {'fc_fire': False, 'fc_pulse': 1, 'fc_pdelay': 5000, 'fc_soft_armed': False, 'fc_redlines_armed': False, 'fc_state': 1}
2025-01-15 22:53:08,664 INFO {'fc_fire': False, 'fc_pulse': 1, 'fc_pdelay': 5000, 'fc_soft_armed': False, 'fc_redlines_armed': False, 'fc_state': 1}
2025-01-15 22:53:08,664 INFO {'fc_fire': False, 'fc_pulse': 1, 'fc_pdelay': 5000, 'fc_soft_armed': False, 'fc_redlines_armed': False, 'fc_state': 1}
2025-01-15 22:53:08,664 INFO {'fc_fire': False, 'fc_pulse': 1, 'fc_pdelay': 5000, 'fc_soft_armed': False, 'fc_redlines_armed': False, 'fc_state': 1}
2025-01-15 22:53:08,664 INFO {'fc_fire': False, 'fc_pulse': 1, 'fc_pdelay': 5000, 'fc_soft_armed': False, 'fc_redlines_armed': False, 'fc_state': 1}
2025-01-15 22:54:21,662 ERROR Bad network state detected
2025-01-15 22:54:21,662 ERROR Bad network state detected
2025-01-15 22:54:21,664 ERROR Bad network state detected
2025-01-15 22:54:21,664 ERROR Bad network state detected
2025-01-15 22:54:21,664 ERROR Bad network state detected
2025-01-15 22:54:21,667 INFO {'fc_fire': False, 'fc_pulse': 1, 'fc_pdelay': 5000, 'fc_soft_armed': True, 'fc_redlines_armed': False, 'fc_state': 1}
2025-01-15 22:54:21,667 INFO {'fc_fire': False, 'fc_pulse': 1, 'fc_pdelay': 5000, 'fc_soft_armed': True, 'fc_redlines_armed': False, 'fc_state': 1}
2025-01-15 22:54:21,667 INFO {'fc_fire': False, 'fc_pulse': 1, 'fc_pdelay': 5000, 'fc_soft_armed': True, 'fc_redlines_armed': False, 'fc_state': 1}
2025-01-15 22:54:21,667 INFO {'fc_fire': False, 'fc_pulse': 1, 'fc_pdelay': 5000, 'fc_soft_armed': True, 'fc_redlines_armed': False, 'fc_state': 1}
2025-01-15 22:54:21,667 INFO {'fc_fire': False, 'fc_pulse': 1, 'fc_pdelay': 5000, 'fc_soft_armed': True, 'fc_redlines_armed': False, 'fc_state': 1}
2025-01-15 22:54:21,672 INFO {'fc_fire': False, 'fc_pulse': 1, 'fc_pdelay': 5000, 'fc_soft_armed': False, 'fc_redlines_armed': True, 'fc_state': 1}
2025-01-15 22:54:21,672 INFO {'fc_fire': False, 'fc_pulse': 1, 'fc_pdelay': 5000, 'fc_soft_armed': False, 'fc_redlines_armed': True, 'fc_state': 1}
2025-01-15 22:54:21,672 INFO {'fc_fire': False, 'fc_pulse': 1, 'fc_pdelay': 5000, 'fc_soft_armed': False, 'fc_redlines_armed': True, 'fc_state': 1}
2025-01-15 22:54:21,672 INFO {'fc_fire': False, 'fc_pulse': 1, 'fc_pdelay': 5000, 'fc_soft_armed': False, 'fc_redlines_armed': True, 'fc_state': 1}
2025-01-15 22:54:21,672 INFO {'fc_fire': False, 'fc_pulse': 1, 'fc_pdelay': 5000, 'fc_soft_armed': False, 'fc_redlines_armed': True, 'fc_state': 1}
2025-01-15 22:54:21,672 INFO {'fc_fire': False, 'fc_pulse': 1, 'fc_pdelay': 5000, 'fc_soft_armed': False, 'fc_redlines_armed': True, 'fc_state': 1}
2025-01-15 22:54:21,675 INFO {'fc_fire': False, 'fc_pulse': 1, 'fc_pdelay': 5000, 'fc_soft_armed': False, 'fc_redlines_armed': False, 'fc_state': 1}
2025-01-15 22:54:21,675 INFO {'fc_fire': False, 'fc_pulse': 1, 'fc_pdelay': 5000, 'fc_soft_armed': False, 'fc_redlines_armed': False, 'fc_state': 1}
2025-01-15 22:54:21,675 INFO {'fc_fire': False, 'fc_pulse': 1, 'fc_pdelay': 5000, 'fc_soft_armed': False, 'fc_redlines_armed': False, 'fc_state': 1}
2025-01-15 22:54:21,675 INFO {'fc_fire': False, 'fc_pulse': 1, 'fc_pdelay': 5000, 'fc_soft_armed': False, 'fc_redlines_armed': False, 'fc_state': 1}
2025-01-15 22:54:21,675 INFO {'fc_fire': False, 'fc_pulse': 1, 'fc_pdelay': 5000, 'fc_soft_armed': False, 'fc_redlines_armed': False, 'fc_state': 1}
2025-01-15 22:54:21,675 INFO {'fc_fire': False, 'fc_pulse': 1, 'fc_pdelay': 5000, 'fc_soft_armed': False, 'fc_redlines_armed': False, 'fc_state': 1}
2025-01-15 22:54:21,675 INFO {'fc_fire': False, 'fc_pulse': 1, 'fc_pdelay': 5000, 'fc_soft_armed': False, 'fc_redlines_armed': False, 'fc_state': 1}
2025-01-15 22:54:21,678 INFO {'fc_fire': True, 'fc_pulse': -1, 'fc_pdelay': 5, 'fc_soft_armed': False, 'fc_redlines_armed': False, 'fc_state': 1}
2025-01-15 22:54:21,678 INFO {'fc_fire': True, 'fc_pulse': -1, 'fc_pdelay': 5, 'fc_soft_armed': False, 'fc_redlines_armed': False, 'fc_state': 1}
2025-01-15 22:54:21,678 INFO {'fc_fire': True, 'fc_pulse': -1, 'fc_pdelay': 5, 'fc_soft_armed': False, 'fc_redlines_armed': False, 'fc_state': 1}
2025-01-15 22:54:21,678 INFO {'fc_fire': True, 'fc_pulse': -1, 'fc_pdelay': 5, 'fc_soft_armed': False, 'fc_redlines_armed': False, 'fc_state': 1}
2025-01-15 22:54:21,678 INFO {'fc_fire': True, 'fc_pulse': -1, 'fc_pdelay': 5, 'fc_soft_armed': False, 'fc_redlines_armed': False, 'fc_state': 1}
2025-01-15 22:54:21,678 INFO {'fc_fire': True, 'fc_pulse': -1, 'fc_pdelay': 5, 'fc_soft_armed': False, 'fc_redlines_armed': False, 'fc_state': 1}
2025-01-15 22:54:21,678 INFO {'fc_fire': True, 'fc_pulse': -1, 'fc_pdelay': 5, 'fc_soft_armed': False, 'fc_redlines_armed': False, 'fc_state': 1}
2025-01-15 22:54:21,678 INFO {'fc_fire': True, 'fc_pulse': -1, 'fc_pdelay': 5, 'fc_soft_armed': False, 'fc_redlines_armed': False, 'fc_state': 1}
2025-01-15 22:54:21,681 INFO {'fc_fire': True, 'fc_pulse': -1, 'fc_pdelay': 5, 'fc_soft_armed': False, 'fc_redlines_armed': False, 'fc_state': 1}
2025-01-15 22:54:21,681 INFO {'fc_fire': True, 'fc_pulse': -1, 'fc_pdelay': 5, 'fc_soft_armed': False, 'fc_redlines_armed': False, 'fc_state': 1}
2025-01-15 22:54:21,681 INFO {'fc_fire': True, 'fc_pulse': -1, 'fc_pdelay': 5, 'fc_soft_armed': False, 'fc_redlines_armed': False, 'fc_state': 1}
2025-01-15 22:54:21,681 INFO {'fc_fire': True, 'fc_pulse': -1, 'fc_pdelay': 5, 'fc_soft_armed': False, 'fc_redlines_armed': False, 'fc_state': 1}
2025-01-15 22:54:21,681 INFO {'fc_fire': True, 'fc_pulse': -1, 'fc_pdelay': 5, 'fc_soft_armed': False, 'fc_redlines_armed': False, 'fc_state': 1}
2025-01-15 22:54:21,681 INFO {'fc_fire': True, 'fc_pulse': -1, 'fc_pdelay': 5, 'fc_soft_armed': False, 'fc_redlines_armed': False, 'fc_state': 1}
2025-01-15 22:54:21,681 INFO {'fc_fire': True, 'fc_pulse': -1, 'fc_pdelay': 5, 'fc_soft_armed': False, 'fc_redlines_armed': False, 'fc_state': 1}
2025-01-15 22:54:21,681 INFO {'fc_fire': True, 'fc_pulse': -1, 'fc_pdelay': 5, 'fc_soft_armed': False, 'fc_redlines_armed': False, 'fc_state': 1}
2025-01-15 22:54:21,681 INFO {'fc_fire': True, 'fc_pulse': -1, 'fc_pdelay': 5, 'fc_soft_armed': False, 'fc_redlines_armed': False, 'fc_state': 1}
2025-01-15 22:54:21,683 INFO {'fc_fire': False, 'fc_pulse': 1, 'fc_pdelay': 5000, 'fc_soft_armed': False, 'fc_redlines_armed': False, 'fc_state': 1}
2025-01-15 22:54:21,683 INFO {'fc_fire': False, 'fc_pulse': 1, 'fc_pdelay': 5000, 'fc_soft_armed': False, 'fc_redlines_armed': False, 'fc_state': 1}
2025-01-15 22:54:21,683 INFO {'fc_fire': False, 'fc_pulse': 1, 'fc_pdelay': 5000, 'fc_soft_armed': False, 'fc_redlines_armed': False, 'fc_state': 1}
2025-01-15 22:54:21,683 INFO {'fc_fire': False, 'fc_pulse': 1, 'fc_pdelay': 5000, 'fc_soft_armed': False, 'fc_redlines_armed': False, 'fc_state': 1}
2025-01-15 22:54:21,683 INFO {'fc_fire': False, 'fc_pulse': 1, 'fc_pdelay': 5000, 'fc_soft_armed': False, 'fc_redlines_armed': False, 'fc_state': 1}
2025-01-15 22:54:21,683 INFO {'fc_fire': False, 'fc_pulse': 1, 'fc_pdelay': 5000, 'fc_soft_armed': False, 'fc_redlines_armed': False, 'fc_state': 1}
2025-01-15 22:54:21,683 INFO {'fc_fire': False, 'fc_pulse': 1, 'fc_pdelay': 5000, 'fc_soft_armed': False, 'fc_redlines_armed': False, 'fc_state': 1}
2025-01-15 22:54:21,683 INFO {'fc_fire': False, 'fc_pulse': 1, 'fc_pdelay': 5000, 'fc_soft_armed': False, 'fc_redlines_armed': False, 'fc_state': 1}
2025-01-15 22:54:21,683 INFO {'fc_fire': False, 'fc_pulse': 1, 'fc_pdelay': 5000, 'fc_soft_armed': False, 'fc_redlines_armed': False, 'fc_state': 1}
2025-01-15 22:54:21,683 INFO {'fc_fire': False, 'fc_pulse': 1, 'fc_pdelay': 5000, 'fc_soft_armed': False, 'fc_redlines_armed': False, 'fc_state': 1}
2025-01-15 22:54:21,685 INFO {'fc_fire': False, 'fc_pulse': 1, 'fc_pdelay': 5000, 'fc_soft_armed': False, 'fc_redlines_armed': False, 'fc_state': 1}
2025-01-15 22:54:21,685 INFO {'fc_fire': False, 'fc_pulse': 1, 'fc_pdelay': 5000, 'fc_soft_armed': False, 'fc_redlines_armed': False, 'fc_state': 1}
2025-01-15 22:54:21,685 INFO {'fc_fire': False, 'fc_pulse': 1, 'fc_pdelay': 5000, 'fc_soft_armed': False, 'fc_redlines_armed': False, 'fc_state': 1}
2025-01-15 22:54:21,685 INFO {'fc_fire': False, 'fc_pulse': 1, 'fc_pdelay': 5000, 'fc_soft_armed': False, 'fc_redlines_armed': False, 'fc_state': 1}
2025-01-15 22:54:21,685 INFO {'fc_fire': False, 'fc_pulse': 1, 'fc_pdelay': 5000, 'fc_soft_armed': False, 'fc_redlines_armed': False, 'fc_state': 1}
2025-01-15 22:54:21,685 INFO {'fc_fire': False, 'fc_pulse': 1, 'fc_pdelay': 5000, 'fc_soft_armed': False, 'fc_redlines_armed': False, 'fc_state': 1}
2025-01-15 22:54:21,685 INFO {'fc_fire': False, 'fc_pulse': 1, 'fc_pdelay': 5000, 'fc_soft_armed': False, 'fc_redlines_armed': False, 'fc_state': 1}
2025-01-15 22:54:21,685 INFO {'fc_fire': False, 'fc_pulse': 1, 'fc_pdelay': 5000, 'fc_soft_armed': False, 'fc_redlines_armed': False, 'fc_state': 1}
2025-01-15 22:54:21,685 INFO {'fc_fire': False, 'fc_pulse': 1, 'fc_pdelay': 5000, 'fc_soft_armed': False, 'fc_redlines_armed': False, 'fc_state': 1}
2025-01-15 22:54:21,685 INFO {'fc_fire': False, 'fc_pulse': 1, 'fc_pdelay': 5000, 'fc_soft_armed': False, 'fc_redlines_armed': False, 'fc_state': 1}
2025-01-15 22:54:21,685 INFO {'fc_fire': False, 'fc_pulse': 1, 'fc_pdelay': 5000, 'fc_soft_armed': False, 'fc_redlines_armed': False, 'fc_state': 1}
2025-01-15 23:17:05,405 ERROR Bad network state detected
2025-01-15 23:17:05,405 ERROR Bad network state detected
2025-01-15 23:17:05,415 ERROR Bad network state detected
2025-01-15 23:17:05,415 ERROR Bad network state detected
2025-01-15 23:17:05,415 ERROR Bad network state detected
2025-01-15 23:17:05,421 INFO {'fc_fire': False, 'fc_pulse': 1, 'fc_pdelay': 5000, 'fc_soft_armed': True, 'fc_redlines_armed': False, 'fc_state': 1}
2025-01-15 23:17:05,421 INFO {'fc_fire': False, 'fc_pulse': 1, 'fc_pdelay': 5000, 'fc_soft_armed': True, 'fc_redlines_armed': False, 'fc_state': 1}
2025-01-15 23:17:05,421 INFO {'fc_fire': False, 'fc_pulse': 1, 'fc_pdelay': 5000, 'fc_soft_armed': True, 'fc_redlines_armed': False, 'fc_state': 1}
2025-01-15 23:17:05,421 INFO {'fc_fire': False, 'fc_pulse': 1, 'fc_pdelay': 5000, 'fc_soft_armed': True, 'fc_redlines_armed': False, 'fc_state': 1}
2025-01-15 23:17:05,421 INFO {'fc_fire': False, 'fc_pulse': 1, 'fc_pdelay': 5000, 'fc_soft_armed': True, 'fc_redlines_armed': False, 'fc_state': 1}
2025-01-15 23:17:05,429 INFO {'fc_fire': False, 'fc_pulse': 1, 'fc_pdelay': 5000, 'fc_soft_armed': False, 'fc_redlines_armed': True, 'fc_state': 1}
2025-01-15 23:17:05,429 INFO {'fc_fire': False, 'fc_pulse': 1, 'fc_pdelay': 5000, 'fc_soft_armed': False, 'fc_redlines_armed': True, 'fc_state': 1}
2025-01-15 23:17:05,429 INFO {'fc_fire': False, 'fc_pulse': 1, 'fc_pdelay': 5000, 'fc_soft_armed': False, 'fc_redlines_armed': True, 'fc_state': 1}
2025-01-15 23:17:05,429 INFO {'fc_fire': False, 'fc_pulse': 1, 'fc_pdelay': 5000, 'fc_soft_armed': False, 'fc_redlines_armed': True, 'fc_state': 1}
2025-01-15 23:17:05,429 INFO {'fc_fire': False, 'fc_pulse': 1, 'fc_pdelay': 5000, 'fc_soft_armed': False, 'fc_redlines_armed': True, 'fc_state': 1}
2025-01-15 23:17:05,429 INFO {'fc_fire': False, 'fc_pulse': 1, 'fc_pdelay': 5000, 'fc_soft_armed': False, 'fc_redlines_armed': True, 'fc_state': 1}
2025-01-15 23:17:05,435 INFO {'fc_fire': False, 'fc_pulse': 1, 'fc_pdelay': 5000, 'fc_soft_armed': False, 'fc_redlines_armed': False, 'fc_state': 1}
2025-01-15 23:17:05,435 INFO {'fc_fire': False, 'fc_pulse': 1, 'fc_pdelay': 5000, 'fc_soft_armed': False, 'fc_redlines_armed': False, 'fc_state': 1}
2025-01-15 23:17:05,435 INFO {'fc_fire': False, 'fc_pulse': 1, 'fc_pdelay': 5000, 'fc_soft_armed': False, 'fc_redlines_armed': False, 'fc_state': 1}
2025-01-15 23:17:05,435 INFO {'fc_fire': False, 'fc_pulse': 1, 'fc_pdelay': 5000, 'fc_soft_armed': False, 'fc_redlines_armed': False, 'fc_state': 1}
2025-01-15 23:17:05,435 INFO {'fc_fire': False, 'fc_pulse': 1, 'fc_pdelay': 5000, 'fc_soft_armed': False, 'fc_redlines_armed': False, 'fc_state': 1}
2025-01-15 23:17:05,435 INFO {'fc_fire': False, 'fc_pulse': 1, 'fc_pdelay': 5000, 'fc_soft_armed': False, 'fc_redlines_armed': False, 'fc_state': 1}
2025-01-15 23:17:05,435 INFO {'fc_fire': False, 'fc_pulse': 1, 'fc_pdelay': 5000, 'fc_soft_armed': False, 'fc_redlines_armed': False, 'fc_state': 1}
2025-01-15 23:17:05,440 INFO {'fc_fire': True, 'fc_pulse': -1, 'fc_pdelay': 5, 'fc_soft_armed': False, 'fc_redlines_armed': False, 'fc_state': 1}
2025-01-15 23:17:05,440 INFO {'fc_fire': True, 'fc_pulse': -1, 'fc_pdelay': 5, 'fc_soft_armed': False, 'fc_redlines_armed': False, 'fc_state': 1}
2025-01-15 23:17:05,440 INFO {'fc_fire': True, 'fc_pulse': -1, 'fc_pdelay': 5, 'fc_soft_armed': False, 'fc_redlines_armed': False, 'fc_state': 1}
2025-01-15 23:17:05,440 INFO {'fc_fire': True, 'fc_pulse': -1, 'fc_pdelay': 5, 'fc_soft_armed': False, 'fc_redlines_armed': False, 'fc_state': 1}
2025-01-15 23:17:05,440 INFO {'fc_fire': True, 'fc_pulse': -1, 'fc_pdelay': 5, 'fc_soft_armed': False, 'fc_redlines_armed': False, 'fc_state': 1}
2025-01-15 23:17:05,440 INFO {'fc_fire': True, 'fc_pulse': -1, 'fc_pdelay': 5, 'fc_soft_armed': False, 'fc_redlines_armed': False, 'fc_state': 1}
2025-01-15 23:17:05,440 INFO {'fc_fire': True, 'fc_pulse': -1, 'fc_pdelay': 5, 'fc_soft_armed': False, 'fc_redlines_armed': False, 'fc_state': 1}
2025-01-15 23:17:05,440 INFO {'fc_fire': True, 'fc_pulse': -1, 'fc_pdelay': 5, 'fc_soft_armed': False, 'fc_redlines_armed': False, 'fc_state': 1}
2025-01-15 23:17:05,445 INFO {'fc_fire': True, 'fc_pulse': -1, 'fc_pdelay': 5, 'fc_soft_armed': False, 'fc_redlines_armed': False, 'fc_state': 1}
2025-01-15 23:17:05,445 INFO {'fc_fire': True, 'fc_pulse': -1, 'fc_pdelay': 5, 'fc_soft_armed': False, 'fc_redlines_armed': False, 'fc_state': 1}
2025-01-15 23:17:05,445 INFO {'fc_fire': True, 'fc_pulse': -1, 'fc_pdelay': 5, 'fc_soft_armed': False, 'fc_redlines_armed': False, 'fc_state': 1}
2025-01-15 23:17:05,445 INFO {'fc_fire': True, 'fc_pulse': -1, 'fc_pdelay': 5, 'fc_soft_armed': False, 'fc_redlines_armed': False, 'fc_state': 1}
2025-01-15 23:17:05,445 INFO {'fc_fire': True, 'fc_pulse': -1, 'fc_pdelay': 5, 'fc_soft_armed': False, 'fc_redlines_armed': False, 'fc_state': 1}
2025-01-15 23:17:05,445 INFO {'fc_fire': True, 'fc_pulse': -1, 'fc_pdelay': 5, 'fc_soft_armed': False, 'fc_redlines_armed': False, 'fc_state': 1}
2025-01-15 23:17:05,445 INFO {'fc_fire': True, 'fc_pulse': -1, 'fc_pdelay': 5, 'fc_soft_armed': False, 'fc_redlines_armed': False, 'fc_state': 1}
2025-01-15 23:17:05,445 INFO {'fc_fire': True, 'fc_pulse': -1, 'fc_pdelay': 5, 'fc_soft_armed': False, 'fc_redlines_armed': False, 'fc_state': 1}
2025-01-15 23:17:05,445 INFO {'fc_fire': True, 'fc_pulse': -1, 'fc_pdelay': 5, 'fc_soft_armed': False, 'fc_redlines_armed': False, 'fc_state': 1}
2025-01-15 23:17:05,453 INFO {'fc_fire': False, 'fc_pulse': 1, 'fc_pdelay': 5000, 'fc_soft_armed': False, 'fc_redlines_armed': False, 'fc_state': 1}
2025-01-15 23:17:05,453 INFO {'fc_fire': False, 'fc_pulse': 1, 'fc_pdelay': 5000, 'fc_soft_armed': False, 'fc_redlines_armed': False, 'fc_state': 1}
2025-01-15 23:17:05,453 INFO {'fc_fire': False, 'fc_pulse': 1, 'fc_pdelay': 5000, 'fc_soft_armed': False, 'fc_redlines_armed': False, 'fc_state': 1}
2025-01-15 23:17:05,453 INFO {'fc_fire': False, 'fc_pulse': 1, 'fc_pdelay': 5000, 'fc_soft_armed': False, 'fc_redlines_armed': False, 'fc_state': 1}
2025-01-15 23:17:05,453 INFO {'fc_fire': False, 'fc_pulse': 1, 'fc_pdelay': 5000, 'fc_soft_armed': False, 'fc_redlines_armed': False, 'fc_state': 1}
2025-01-15 23:17:05,453 INFO {'fc_fire': False, 'fc_pulse': 1, 'fc_pdelay': 5000, 'fc_soft_armed': False, 'fc_redlines_armed': False, 'fc_state': 1}
2025-01-15 23:17:05,453 INFO {'fc_fire': False, 'fc_pulse': 1, 'fc_pdelay': 5000, 'fc_soft_armed': False, 'fc_redlines_armed': False, 'fc_state': 1}
2025-01-15 23:17:05,453 INFO {'fc_fire': False, 'fc_pulse': 1, 'fc_pdelay': 5000, 'fc_soft_armed': False, 'fc_redlines_armed': False, 'fc_state': 1}
2025-01-15 23:17:05,453 INFO {'fc_fire': False, 'fc_pulse': 1, 'fc_pdelay': 5000, 'fc_soft_armed': False, 'fc_redlines_armed': False, 'fc_state': 1}
2025-01-15 23:17:05,453 INFO {'fc_fire': False, 'fc_pulse': 1, 'fc_pdelay': 5000, 'fc_soft_armed': False, 'fc_redlines_armed': False, 'fc_state': 1}
2025-01-15 23:17:05,457 INFO {'fc_fire': False, 'fc_pulse': 1, 'fc_pdelay': 5000, 'fc_soft_armed': False, 'fc_redlines_armed': False, 'fc_state': 1}
2025-01-15 23:17:05,457 INFO {'fc_fire': False, 'fc_pulse': 1, 'fc_pdelay': 5000, 'fc_soft_armed': False, 'fc_redlines_armed': False, 'fc_state': 1}
2025-01-15 23:17:05,457 INFO {'fc_fire': False, 'fc_pulse': 1, 'fc_pdelay': 5000, 'fc_soft_armed': False, 'fc_redlines_armed': False, 'fc_state': 1}
2025-01-15 23:17:05,457 INFO {'fc_fire': False, 'fc_pulse': 1, 'fc_pdelay': 5000, 'fc_soft_armed': False, 'fc_redlines_armed': False, 'fc_state': 1}
2025-01-15 23:17:05,457 INFO {'fc_fire': False, 'fc_pulse': 1, 'fc_pdelay': 5000, 'fc_soft_armed': False, 'fc_redlines_armed': False, 'fc_state': 1}
2025-01-15 23:17:05,457 INFO {'fc_fire': False, 'fc_pulse': 1, 'fc_pdelay': 5000, 'fc_soft_armed': False, 'fc_redlines_armed': False, 'fc_state': 1}
2025-01-15 23:17:05,457 INFO {'fc_fire': False, 'fc_pulse': 1, 'fc_pdelay': 5000, 'fc_soft_armed': False, 'fc_redlines_armed': False, 'fc_state': 1}
2025-01-15 23:17:05,457 INFO {'fc_fire': False, 'fc_pulse': 1, 'fc_pdelay': 5000, 'fc_soft_armed': False, 'fc_redlines_armed': False, 'fc_state': 1}
2025-01-15 23:17:05,457 INFO {'fc_fire': False, 'fc_pulse': 1, 'fc_pdelay': 5000, 'fc_soft_armed': False, 'fc_redlines_armed': False, 'fc_state': 1}
2025-01-15 23:17:05,457 INFO {'fc_fire': False, 'fc_pulse': 1, 'fc_pdelay': 5000, 'fc_soft_armed': False, 'fc_redlines_armed': False, 'fc_state': 1}
2025-01-15 23:17:05,457 INFO {'fc_fire': False, 'fc_pulse': 1, 'fc_pdelay': 5000, 'fc_soft_armed': False, 'fc_redlines_armed': False, 'fc_state': 1}
2025-01-15 23:18:02,745 ERROR Bad network state detected
2025-01-15 23:18:02,745 ERROR Bad network state detected
2025-01-15 23:18:02,751 ERROR Bad network state detected
2025-01-15 23:18:02,751 ERROR Bad network state detected
2025-01-15 23:18:02,751 ERROR Bad network state detected
2025-01-15 23:18:02,759 INFO {'fc_fire': False, 'fc_pulse': 1, 'fc_pdelay': 5000, 'fc_soft_armed': True, 'fc_redlines_armed': False, 'fc_state': 1}
2025-01-15 23:18:02,759 INFO {'fc_fire': False, 'fc_pulse': 1, 'fc_pdelay': 5000, 'fc_soft_armed': True, 'fc_redlines_armed': False, 'fc_state': 1}
2025-01-15 23:18:02,759 INFO {'fc_fire': False, 'fc_pulse': 1, 'fc_pdelay': 5000, 'fc_soft_armed': True, 'fc_redlines_armed': False, 'fc_state': 1}
2025-01-15 23:18:02,759 INFO {'fc_fire': False, 'fc_pulse': 1, 'fc_pdelay': 5000, 'fc_soft_armed': True, 'fc_redlines_armed': False, 'fc_state': 1}
2025-01-15 23:18:02,759 INFO {'fc_fire': False, 'fc_pulse': 1, 'fc_pdelay': 5000, 'fc_soft_armed': True, 'fc_redlines_armed': False, 'fc_state': 1}
2025-01-15 23:18:02,764 INFO {'fc_fire': False, 'fc_pulse': 1, 'fc_pdelay': 5000, 'fc_soft_armed': False, 'fc_redlines_armed': True, 'fc_state': 1}
2025-01-15 23:18:02,764 INFO {'fc_fire': False, 'fc_pulse': 1, 'fc_pdelay': 5000, 'fc_soft_armed': False, 'fc_redlines_armed': True, 'fc_state': 1}
2025-01-15 23:18:02,764 INFO {'fc_fire': False, 'fc_pulse': 1, 'fc_pdelay': 5000, 'fc_soft_armed': False, 'fc_redlines_armed': True, 'fc_state': 1}
2025-01-15 23:18:02,764 INFO {'fc_fire': False, 'fc_pulse': 1, 'fc_pdelay': 5000, 'fc_soft_armed': False, 'fc_redlines_armed': True, 'fc_state': 1}
2025-01-15 23:18:02,764 INFO {'fc_fire': False, 'fc_pulse': 1, 'fc_pdelay': 5000, 'fc_soft_armed': False, 'fc_redlines_armed': True, 'fc_state': 1}
2025-01-15 23:18:02,764 INFO {'fc_fire': False, 'fc_pulse': 1, 'fc_pdelay': 5000, 'fc_soft_armed': False, 'fc_redlines_armed': True, 'fc_state': 1}
2025-01-15 23:18:02,772 INFO {'fc_fire': False, 'fc_pulse': 1, 'fc_pdelay': 5000, 'fc_soft_armed': False, 'fc_redlines_armed': False, 'fc_state': 1}
2025-01-15 23:18:02,772 INFO {'fc_fire': False, 'fc_pulse': 1, 'fc_pdelay': 5000, 'fc_soft_armed': False, 'fc_redlines_armed': False, 'fc_state': 1}
2025-01-15 23:18:02,772 INFO {'fc_fire': False, 'fc_pulse': 1, 'fc_pdelay': 5000, 'fc_soft_armed': False, 'fc_redlines_armed': False, 'fc_state': 1}
2025-01-15 23:18:02,772 INFO {'fc_fire': False, 'fc_pulse': 1, 'fc_pdelay': 5000, 'fc_soft_armed': False, 'fc_redlines_armed': False, 'fc_state': 1}
2025-01-15 23:18:02,772 INFO {'fc_fire': False, 'fc_pulse': 1, 'fc_pdelay': 5000, 'fc_soft_armed': False, 'fc_redlines_armed': False, 'fc_state': 1}
2025-01-15 23:18:02,772 INFO {'fc_fire': False, 'fc_pulse': 1, 'fc_pdelay': 5000, 'fc_soft_armed': False, 'fc_redlines_armed': False, 'fc_state': 1}
2025-01-15 23:18:02,772 INFO {'fc_fire': False, 'fc_pulse': 1, 'fc_pdelay': 5000, 'fc_soft_armed': False, 'fc_redlines_armed': False, 'fc_state': 1}
2025-01-15 23:18:02,778 INFO {'fc_fire': True, 'fc_pulse': -1, 'fc_pdelay': 5, 'fc_soft_armed': False, 'fc_redlines_armed': False, 'fc_state': 1}
2025-01-15 23:18:02,778 INFO {'fc_fire': True, 'fc_pulse': -1, 'fc_pdelay': 5, 'fc_soft_armed': False, 'fc_redlines_armed': False, 'fc_state': 1}
2025-01-15 23:18:02,778 INFO {'fc_fire': True, 'fc_pulse': -1, 'fc_pdelay': 5, 'fc_soft_armed': False, 'fc_redlines_armed': False, 'fc_state': 1}
2025-01-15 23:18:02,778 INFO {'fc_fire': True, 'fc_pulse': -1, 'fc_pdelay': 5, 'fc_soft_armed': False, 'fc_redlines_armed': False, 'fc_state': 1}
2025-01-15 23:18:02,778 INFO {'fc_fire': True, 'fc_pulse': -1, 'fc_pdelay': 5, 'fc_soft_armed': False, 'fc_redlines_armed': False, 'fc_state': 1}
2025-01-15 23:18:02,778 INFO {'fc_fire': True, 'fc_pulse': -1, 'fc_pdelay': 5, 'fc_soft_armed': False, 'fc_redlines_armed': False, 'fc_state': 1}
2025-01-15 23:18:02,778 INFO {'fc_fire': True, 'fc_pulse': -1, 'fc_pdelay': 5, 'fc_soft_armed': False, 'fc_redlines_armed': False, 'fc_state': 1}
2025-01-15 23:18:02,778 INFO {'fc_fire': True, 'fc_pulse': -1, 'fc_pdelay': 5, 'fc_soft_armed': False, 'fc_redlines_armed': False, 'fc_state': 1}
2025-01-15 23:18:02,783 INFO {'fc_fire': True, 'fc_pulse': -1, 'fc_pdelay': 5, 'fc_soft_armed': False, 'fc_redlines_armed': False, 'fc_state': 1}
2025-01-15 23:18:02,783 INFO {'fc_fire': True, 'fc_pulse': -1, 'fc_pdelay': 5, 'fc_soft_armed': False, 'fc_redlines_armed': False, 'fc_state': 1}
2025-01-15 23:18:02,783 INFO {'fc_fire': True, 'fc_pulse': -1, 'fc_pdelay': 5, 'fc_soft_armed': False, 'fc_redlines_armed': False, 'fc_state': 1}
2025-01-15 23:18:02,783 INFO {'fc_fire': True, 'fc_pulse': -1, 'fc_pdelay': 5, 'fc_soft_armed': False, 'fc_redlines_armed': False, 'fc_state': 1}
2025-01-15 23:18:02,783 INFO {'fc_fire': True, 'fc_pulse': -1, 'fc_pdelay': 5, 'fc_soft_armed': False, 'fc_redlines_armed': False, 'fc_state': 1}
2025-01-15 23:18:02,783 INFO {'fc_fire': True, 'fc_pulse': -1, 'fc_pdelay': 5, 'fc_soft_armed': False, 'fc_redlines_armed': False, 'fc_state': 1}
2025-01-15 23:18:02,783 INFO {'fc_fire': True, 'fc_pulse': -1, 'fc_pdelay': 5, 'fc_soft_armed': False, 'fc_redlines_armed': False, 'fc_state': 1}
2025-01-15 23:18:02,783 INFO {'fc_fire': True, 'fc_pulse': -1, 'fc_pdelay': 5, 'fc_soft_armed': False, 'fc_redlines_armed': False, 'fc_state': 1}
2025-01-15 23:18:02,783 INFO {'fc_fire': True, 'fc_pulse': -1, 'fc_pdelay': 5, 'fc_soft_armed': False, 'fc_redlines_armed': False, 'fc_state': 1}
2025-01-15 23:18:02,788 INFO {'fc_fire': False, 'fc_pulse': 1, 'fc_pdelay': 5000, 'fc_soft_armed': False, 'fc_redlines_armed': False, 'fc_state': 1}
2025-01-15 23:18:02,788 INFO {'fc_fire': False, 'fc_pulse': 1, 'fc_pdelay': 5000, 'fc_soft_armed': False, 'fc_redlines_armed': False, 'fc_state': 1}
2025-01-15 23:18:02,788 INFO {'fc_fire': False, 'fc_pulse': 1, 'fc_pdelay': 5000, 'fc_soft_armed': False, 'fc_redlines_armed': False, 'fc_state': 1}
2025-01-15 23:18:02,788 INFO {'fc_fire': False, 'fc_pulse': 1, 'fc_pdelay': 5000, 'fc_soft_armed': False, 'fc_redlines_armed': False, 'fc_state': 1}
2025-01-15 23:18:02,788 INFO {'fc_fire': False, 'fc_pulse': 1, 'fc_pdelay': 5000, 'fc_soft_armed': False, 'fc_redlines_armed': False, 'fc_state': 1}
2025-01-15 23:18:02,788 INFO {'fc_fire': False, 'fc_pulse': 1, 'fc_pdelay': 5000, 'fc_soft_armed': False, 'fc_redlines_armed': False, 'fc_state': 1}
2025-01-15 23:18:02,788 INFO {'fc_fire': False, 'fc_pulse': 1, 'fc_pdelay': 5000, 'fc_soft_armed': False, 'fc_redlines_armed': False, 'fc_state': 1}
2025-01-15 23:18:02,788 INFO {'fc_fire': False, 'fc_pulse': 1, 'fc_pdelay': 5000, 'fc_soft_armed': False, 'fc_redlines_armed': False, 'fc_state': 1}
2025-01-15 23:18:02,788 INFO {'fc_fire': False, 'fc_pulse': 1, 'fc_pdelay': 5000, 'fc_soft_armed': False, 'fc_redlines_armed': False, 'fc_state': 1}
2025-01-15 23:18:02,788 INFO {'fc_fire': False, 'fc_pulse': 1, 'fc_pdelay': 5000, 'fc_soft_armed': False, 'fc_redlines_armed': False, 'fc_state': 1}
2025-01-15 23:18:02,797 INFO {'fc_fire': False, 'fc_pulse': 1, 'fc_pdelay': 5000, 'fc_soft_armed': False, 'fc_redlines_armed': False, 'fc_state': 1}
2025-01-15 23:18:02,797 INFO {'fc_fire': False, 'fc_pulse': 1, 'fc_pdelay': 5000, 'fc_soft_armed': False, 'fc_redlines_armed': False, 'fc_state': 1}
2025-01-15 23:18:02,797 INFO {'fc_fire': False, 'fc_pulse': 1, 'fc_pdelay': 5000, 'fc_soft_armed': False, 'fc_redlines_armed': False, 'fc_state': 1}
2025-01-15 23:18:02,797 INFO {'fc_fire': False, 'fc_pulse': 1, 'fc_pdelay': 5000, 'fc_soft_armed': False, 'fc_redlines_armed': False, 'fc_state': 1}
2025-01-15 23:18:02,797 INFO {'fc_fire': False, 'fc_pulse': 1, 'fc_pdelay': 5000, 'fc_soft_armed': False, 'fc_redlines_armed': False, 'fc_state': 1}
2025-01-15 23:18:02,797 INFO {'fc_fire': False, 'fc_pulse': 1, 'fc_pdelay': 5000, 'fc_soft_armed': False, 'fc_redlines_armed': False, 'fc_state': 1}
2025-01-15 23:18:02,797 INFO {'fc_fire': False, 'fc_pulse': 1, 'fc_pdelay': 5000, 'fc_soft_armed': False, 'fc_redlines_armed': False, 'fc_state': 1}
2025-01-15 23:18:02,797 INFO {'fc_fire': False, 'fc_pulse': 1, 'fc_pdelay': 5000, 'fc_soft_armed': False, 'fc_redlines_armed': False, 'fc_state': 1}
2025-01-15 23:18:02,797 INFO {'fc_fire': False, 'fc_pulse': 1, 'fc_pdelay': 5000, 'fc_soft_armed': False, 'fc_redlines_armed': False, 'fc_state': 1}
2025-01-15 23:18:02,797 INFO {'fc_fire': False, 'fc_pulse': 1, 'fc_pdelay': 5000, 'fc_soft_armed': False, 'fc_redlines_armed': False, 'fc_state': 1}
2025-01-15 23:18:02,797 INFO {'fc_fire': False, 'fc_pulse': 1, 'fc_pdelay': 5000, 'fc_soft_armed': False, 'fc_redlines_armed': False, 'fc_state': 1}
2025-01-15 23:18:13,263 ERROR Bad network state detected
2025-01-15 23:18:13,263 ERROR Bad network state detected
2025-01-15 23:18:13,269 ERROR Bad network state detected
2025-01-15 23:18:13,269 ERROR Bad network state detected
2025-01-15 23:18:13,269 ERROR Bad network state detected
2025-01-15 23:18:12,351 INFO {'fc_fire': False, 'fc_pulse': 1, 'fc_pdelay': 5000, 'fc_soft_armed': True, 'fc_redlines_armed': False, 'fc_state': 1}
2025-01-15 23:18:12,351 INFO {'fc_fire': False, 'fc_pulse': 1, 'fc_pdelay': 5000, 'fc_soft_armed': True, 'fc_redlines_armed': False, 'fc_state': 1}
2025-01-15 23:18:12,351 INFO {'fc_fire': False, 'fc_pulse': 1, 'fc_pdelay': 5000, 'fc_soft_armed': True, 'fc_redlines_armed': False, 'fc_state': 1}
2025-01-15 23:18:12,351 INFO {'fc_fire': False, 'fc_pulse': 1, 'fc_pdelay': 5000, 'fc_soft_armed': True, 'fc_redlines_armed': False, 'fc_state': 1}
2025-01-15 23:18:12,351 INFO {'fc_fire': False, 'fc_pulse': 1, 'fc_pdelay': 5000, 'fc_soft_armed': True, 'fc_redlines_armed': False, 'fc_state': 1}
2025-01-15 23:18:12,357 INFO {'fc_fire': False, 'fc_pulse': 1, 'fc_pdelay': 5000, 'fc_soft_armed': False, 'fc_redlines_armed': True, 'fc_state': 1}
2025-01-15 23:18:12,357 INFO {'fc_fire': False, 'fc_pulse': 1, 'fc_pdelay': 5000, 'fc_soft_armed': False, 'fc_redlines_armed': True, 'fc_state': 1}
2025-01-15 23:18:12,357 INFO {'fc_fire': False, 'fc_pulse': 1, 'fc_pdelay': 5000, 'fc_soft_armed': False, 'fc_redlines_armed': True, 'fc_state': 1}
2025-01-15 23:18:12,357 INFO {'fc_fire': False, 'fc_pulse': 1, 'fc_pdelay': 5000, 'fc_soft_armed': False, 'fc_redlines_armed': True, 'fc_state': 1}
2025-01-15 23:18:12,357 INFO {'fc_fire': False, 'fc_pulse': 1, 'fc_pdelay': 5000, 'fc_soft_armed': False, 'fc_redlines_armed': True, 'fc_state': 1}
2025-01-15 23:18:12,357 INFO {'fc_fire': False, 'fc_pulse': 1, 'fc_pdelay': 5000, 'fc_soft_armed': False, 'fc_redlines_armed': True, 'fc_state': 1}
2025-01-15 23:18:12,365 INFO {'fc_fire': False, 'fc_pulse': 1, 'fc_pdelay': 5000, 'fc_soft_armed': False, 'fc_redlines_armed': False, 'fc_state': 1}
2025-01-15 23:18:12,365 INFO {'fc_fire': False, 'fc_pulse': 1, 'fc_pdelay': 5000, 'fc_soft_armed': False, 'fc_redlines_armed': False, 'fc_state': 1}
2025-01-15 23:18:12,365 INFO {'fc_fire': False, 'fc_pulse': 1, 'fc_pdelay': 5000, 'fc_soft_armed': False, 'fc_redlines_armed': False, 'fc_state': 1}
2025-01-15 23:18:12,365 INFO {'fc_fire': False, 'fc_pulse': 1, 'fc_pdelay': 5000, 'fc_soft_armed': False, 'fc_redlines_armed': False, 'fc_state': 1}
2025-01-15 23:18:12,365 INFO {'fc_fire': False, 'fc_pulse': 1, 'fc_pdelay': 5000, 'fc_soft_armed': False, 'fc_redlines_armed': False, 'fc_state': 1}
2025-01-15 23:18:12,365 INFO {'fc_fire': False, 'fc_pulse': 1, 'fc_pdelay': 5000, 'fc_soft_armed': False, 'fc_redlines_armed': False, 'fc_state': 1}
2025-01-15 23:18:12,365 INFO {'fc_fire': False, 'fc_pulse': 1, 'fc_pdelay': 5000, 'fc_soft_armed': False, 'fc_redlines_armed': False, 'fc_state': 1}
2025-01-15 23:18:12,371 INFO {'fc_fire': True, 'fc_pulse': -1, 'fc_pdelay': 5, 'fc_soft_armed': False, 'fc_redlines_armed': False, 'fc_state': 1}
2025-01-15 23:18:12,371 INFO {'fc_fire': True, 'fc_pulse': -1, 'fc_pdelay': 5, 'fc_soft_armed': False, 'fc_redlines_armed': False, 'fc_state': 1}
2025-01-15 23:18:12,371 INFO {'fc_fire': True, 'fc_pulse': -1, 'fc_pdelay': 5, 'fc_soft_armed': False, 'fc_redlines_armed': False, 'fc_state': 1}
2025-01-15 23:18:12,371 INFO {'fc_fire': True, 'fc_pulse': -1, 'fc_pdelay': 5, 'fc_soft_armed': False, 'fc_redlines_armed': False, 'fc_state': 1}
2025-01-15 23:18:12,371 INFO {'fc_fire': True, 'fc_pulse': -1, 'fc_pdelay': 5, 'fc_soft_armed': False, 'fc_redlines_armed': False, 'fc_state': 1}
2025-01-15 23:18:12,371 INFO {'fc_fire': True, 'fc_pulse': -1, 'fc_pdelay': 5, 'fc_soft_armed': False, 'fc_redlines_armed': False, 'fc_state': 1}
2025-01-15 23:18:12,371 INFO {'fc_fire': True, 'fc_pulse': -1, 'fc_pdelay': 5, 'fc_soft_armed': False, 'fc_redlines_armed': False, 'fc_state': 1}
2025-01-15 23:18:12,371 INFO {'fc_fire': True, 'fc_pulse': -1, 'fc_pdelay': 5, 'fc_soft_armed': False, 'fc_redlines_armed': False, 'fc_state': 1}
2025-01-15 23:18:12,381 INFO {'fc_fire': True, 'fc_pulse': -1, 'fc_pdelay': 5, 'fc_soft_armed': False, 'fc_redlines_armed': False, 'fc_state': 1}
2025-01-15 23:18:12,381 INFO {'fc_fire': True, 'fc_pulse': -1, 'fc_pdelay': 5, 'fc_soft_armed': False, 'fc_redlines_armed': False, 'fc_state': 1}
2025-01-15 23:18:12,381 INFO {'fc_fire': True, 'fc_pulse': -1, 'fc_pdelay': 5, 'fc_soft_armed': False, 'fc_redlines_armed': False, 'fc_state': 1}
2025-01-15 23:18:12,381 INFO {'fc_fire': True, 'fc_pulse': -1, 'fc_pdelay': 5, 'fc_soft_armed': False, 'fc_redlines_armed': False, 'fc_state': 1}
2025-01-15 23:18:12,381 INFO {'fc_fire': True, 'fc_pulse': -1, 'fc_pdelay': 5, 'fc_soft_armed': False, 'fc_redlines_armed': False, 'fc_state': 1}
2025-01-15 23:18:12,381 INFO {'fc_fire': True, 'fc_pulse': -1, 'fc_pdelay': 5, 'fc_soft_armed': False, 'fc_redlines_armed': False, 'fc_state': 1}
2025-01-15 23:18:12,381 INFO {'fc_fire': True, 'fc_pulse': -1, 'fc_pdelay': 5, 'fc_soft_armed': False, 'fc_redlines_armed': False, 'fc_state': 1}
2025-01-15 23:18:12,381 INFO {'fc_fire': True, 'fc_pulse': -1, 'fc_pdelay': 5, 'fc_soft_armed': False, 'fc_redlines_armed': False, 'fc_state': 1}
2025-01-15 23:18:12,381 INFO {'fc_fire': True, 'fc_pulse': -1, 'fc_pdelay': 5, 'fc_soft_armed': False, 'fc_redlines_armed': False, 'fc_state': 1}
2025-01-15 23:18:12,386 INFO {'fc_fire': False, 'fc_pulse': 1, 'fc_pdelay': 5000, 'fc_soft_armed': False, 'fc_redlines_armed': False, 'fc_state': 1}
2025-01-15 23:18:12,386 INFO {'fc_fire': False, 'fc_pulse': 1, 'fc_pdelay': 5000, 'fc_soft_armed': False, 'fc_redlines_armed': False, 'fc_state': 1}
2025-01-15 23:18:12,386 INFO {'fc_fire': False, 'fc_pulse': 1, 'fc_pdelay': 5000, 'fc_soft_armed': False, 'fc_redlines_armed': False, 'fc_state': 1}
2025-01-15 23:18:12,386 INFO {'fc_fire': False, 'fc_pulse': 1, 'fc_pdelay': 5000, 'fc_soft_armed': False, 'fc_redlines_armed': False, 'fc_state': 1}
2025-01-15 23:18:12,386 INFO {'fc_fire': False, 'fc_pulse': 1, 'fc_pdelay': 5000, 'fc_soft_armed': False, 'fc_redlines_armed': False, 'fc_state': 1}
2025-01-15 23:18:12,386 INFO {'fc_fire': False, 'fc_pulse': 1, 'fc_pdelay': 5000, 'fc_soft_armed': False, 'fc_redlines_armed': False, 'fc_state': 1}
2025-01-15 23:18:12,386 INFO {'fc_fire': False, 'fc_pulse': 1, 'fc_pdelay': 5000, 'fc_soft_armed': False, 'fc_redlines_armed': False, 'fc_state': 1}
2025-01-15 23:18:12,386 INFO {'fc_fire': False, 'fc_pulse': 1, 'fc_pdelay': 5000, 'fc_soft_armed': False, 'fc_redlines_armed': False, 'fc_state': 1}
2025-01-15 23:18:12,386 INFO {'fc_fire': False, 'fc_pulse': 1, 'fc_pdelay': 5000, 'fc_soft_armed': False, 'fc_redlines_armed': False, 'fc_state': 1}
2025-01-15 23:18:12,386 INFO {'fc_fire': False, 'fc_pulse': 1, 'fc_pdelay': 5000, 'fc_soft_armed': False, 'fc_redlines_armed': False, 'fc_state': 1}
2025-01-15 23:18:12,390 INFO {'fc_fire': False, 'fc_pulse': 1, 'fc_pdelay': 5000, 'fc_soft_armed': False, 'fc_redlines_armed': False, 'fc_state': 1}
2025-01-15 23:18:12,390 INFO {'fc_fire': False, 'fc_pulse': 1, 'fc_pdelay': 5000, 'fc_soft_armed': False, 'fc_redlines_armed': False, 'fc_state': 1}
2025-01-15 23:18:12,390 INFO {'fc_fire': False, 'fc_pulse': 1, 'fc_pdelay': 5000, 'fc_soft_armed': False, 'fc_redlines_armed': False, 'fc_state': 1}
2025-01-15 23:18:12,390 INFO {'fc_fire': False, 'fc_pulse': 1, 'fc_pdelay': 5000, 'fc_soft_armed': False, 'fc_redlines_armed': False, 'fc_state': 1}
2025-01-15 23:18:12,390 INFO {'fc_fire': False, 'fc_pulse': 1, 'fc_pdelay': 5000, 'fc_soft_armed': False, 'fc_redlines_armed': False, 'fc_state': 1}
2025-01-15 23:18:12,390 INFO {'fc_fire': False, 'fc_pulse': 1, 'fc_pdelay': 5000, 'fc_soft_armed': False, 'fc_redlines_armed': False, 'fc_state': 1}
2025-01-15 23:18:12,390 INFO {'fc_fire': False, 'fc_pulse': 1, 'fc_pdelay': 5000, 'fc_soft_armed': False, 'fc_redlines_armed': False, 'fc_state': 1}
2025-01-15 23:18:12,390 INFO {'fc_fire': False, 'fc_pulse': 1, 'fc_pdelay': 5000, 'fc_soft_armed': False, 'fc_redlines_armed': False, 'fc_state': 1}
2025-01-15 23:18:12,390 INFO {'fc_fire': False, 'fc_pulse': 1, 'fc_pdelay': 5000, 'fc_soft_armed': False, 'fc_redlines_armed': False, 'fc_state': 1}
2025-01-15 23:18:12,390 INFO {'fc_fire': False, 'fc_pulse': 1, 'fc_pdelay': 5000, 'fc_soft_armed': False, 'fc_redlines_armed': False, 'fc_state': 1}
2025-01-15 23:18:12,390 INFO {'fc_fire': False, 'fc_pulse': 1, 'fc_pdelay': 5000, 'fc_soft_armed': False, 'fc_redlines_armed': False, 'fc_state': 1}
2025-01-15 23:19:14,455 ERROR Bad network state detected
2025-01-15 23:19:14,455 ERROR Bad network state detected
2025-01-15 23:19:14,459 ERROR Bad network state detected
2025-01-15 23:19:14,459 ERROR Bad network state detected
2025-01-15 23:19:14,459 ERROR Bad network state detected
2025-01-15 23:19:14,464 INFO {'fc_fire': False, 'fc_pulse': 1, 'fc_pdelay': 5000, 'fc_soft_armed': True, 'fc_redlines_armed': False, 'fc_state': 1}
2025-01-15 23:19:14,464 INFO {'fc_fire': False, 'fc_pulse': 1, 'fc_pdelay': 5000, 'fc_soft_armed': True, 'fc_redlines_armed': False, 'fc_state': 1}
2025-01-15 23:19:14,464 INFO {'fc_fire': False, 'fc_pulse': 1, 'fc_pdelay': 5000, 'fc_soft_armed': True, 'fc_redlines_armed': False, 'fc_state': 1}
2025-01-15 23:19:14,464 INFO {'fc_fire': False, 'fc_pulse': 1, 'fc_pdelay': 5000, 'fc_soft_armed': True, 'fc_redlines_armed': False, 'fc_state': 1}
2025-01-15 23:19:14,464 INFO {'fc_fire': False, 'fc_pulse': 1, 'fc_pdelay': 5000, 'fc_soft_armed': True, 'fc_redlines_armed': False, 'fc_state': 1}
2025-01-15 23:19:14,470 INFO {'fc_fire': False, 'fc_pulse': 1, 'fc_pdelay': 5000, 'fc_soft_armed': False, 'fc_redlines_armed': True, 'fc_state': 1}
2025-01-15 23:19:14,470 INFO {'fc_fire': False, 'fc_pulse': 1, 'fc_pdelay': 5000, 'fc_soft_armed': False, 'fc_redlines_armed': True, 'fc_state': 1}
2025-01-15 23:19:14,470 INFO {'fc_fire': False, 'fc_pulse': 1, 'fc_pdelay': 5000, 'fc_soft_armed': False, 'fc_redlines_armed': True, 'fc_state': 1}
2025-01-15 23:19:14,470 INFO {'fc_fire': False, 'fc_pulse': 1, 'fc_pdelay': 5000, 'fc_soft_armed': False, 'fc_redlines_armed': True, 'fc_state': 1}
2025-01-15 23:19:14,470 INFO {'fc_fire': False, 'fc_pulse': 1, 'fc_pdelay': 5000, 'fc_soft_armed': False, 'fc_redlines_armed': True, 'fc_state': 1}
2025-01-15 23:19:14,470 INFO {'fc_fire': False, 'fc_pulse': 1, 'fc_pdelay': 5000, 'fc_soft_armed': False, 'fc_redlines_armed': True, 'fc_state': 1}
2025-01-15 23:19:14,476 INFO {'fc_fire': False, 'fc_pulse': 1, 'fc_pdelay': 5000, 'fc_soft_armed': False, 'fc_redlines_armed': False, 'fc_state': 1}
2025-01-15 23:19:14,476 INFO {'fc_fire': False, 'fc_pulse': 1, 'fc_pdelay': 5000, 'fc_soft_armed': False, 'fc_redlines_armed': False, 'fc_state': 1}
2025-01-15 23:19:14,476 INFO {'fc_fire': False, 'fc_pulse': 1, 'fc_pdelay': 5000, 'fc_soft_armed': False, 'fc_redlines_armed': False, 'fc_state': 1}
2025-01-15 23:19:14,476 INFO {'fc_fire': False, 'fc_pulse': 1, 'fc_pdelay': 5000, 'fc_soft_armed': False, 'fc_redlines_armed': False, 'fc_state': 1}
2025-01-15 23:19:14,476 INFO {'fc_fire': False, 'fc_pulse': 1, 'fc_pdelay': 5000, 'fc_soft_armed': False, 'fc_redlines_armed': False, 'fc_state': 1}
2025-01-15 23:19:14,476 INFO {'fc_fire': False, 'fc_pulse': 1, 'fc_pdelay': 5000, 'fc_soft_armed': False, 'fc_redlines_armed': False, 'fc_state': 1}
2025-01-15 23:19:14,476 INFO {'fc_fire': False, 'fc_pulse': 1, 'fc_pdelay': 5000, 'fc_soft_armed': False, 'fc_redlines_armed': False, 'fc_state': 1}
2025-01-15 23:19:14,482 INFO {'fc_fire': True, 'fc_pulse': -1, 'fc_pdelay': 5, 'fc_soft_armed': False, 'fc_redlines_armed': False, 'fc_state': 1}
2025-01-15 23:19:14,482 INFO {'fc_fire': True, 'fc_pulse': -1, 'fc_pdelay': 5, 'fc_soft_armed': False, 'fc_redlines_armed': False, 'fc_state': 1}
2025-01-15 23:19:14,482 INFO {'fc_fire': True, 'fc_pulse': -1, 'fc_pdelay': 5, 'fc_soft_armed': False, 'fc_redlines_armed': False, 'fc_state': 1}
2025-01-15 23:19:14,482 INFO {'fc_fire': True, 'fc_pulse': -1, 'fc_pdelay': 5, 'fc_soft_armed': False, 'fc_redlines_armed': False, 'fc_state': 1}
2025-01-15 23:19:14,482 INFO {'fc_fire': True, 'fc_pulse': -1, 'fc_pdelay': 5, 'fc_soft_armed': False, 'fc_redlines_armed': False, 'fc_state': 1}
2025-01-15 23:19:14,482 INFO {'fc_fire': True, 'fc_pulse': -1, 'fc_pdelay': 5, 'fc_soft_armed': False, 'fc_redlines_armed': False, 'fc_state': 1}
2025-01-15 23:19:14,482 INFO {'fc_fire': True, 'fc_pulse': -1, 'fc_pdelay': 5, 'fc_soft_armed': False, 'fc_redlines_armed': False, 'fc_state': 1}
2025-01-15 23:19:14,482 INFO {'fc_fire': True, 'fc_pulse': -1, 'fc_pdelay': 5, 'fc_soft_armed': False, 'fc_redlines_armed': False, 'fc_state': 1}
2025-01-15 23:19:14,487 INFO {'fc_fire': True, 'fc_pulse': -1, 'fc_pdelay': 5, 'fc_soft_armed': False, 'fc_redlines_armed': False, 'fc_state': 1}
2025-01-15 23:19:14,487 INFO {'fc_fire': True, 'fc_pulse': -1, 'fc_pdelay': 5, 'fc_soft_armed': False, 'fc_redlines_armed': False, 'fc_state': 1}
2025-01-15 23:19:14,487 INFO {'fc_fire': True, 'fc_pulse': -1, 'fc_pdelay': 5, 'fc_soft_armed': False, 'fc_redlines_armed': False, 'fc_state': 1}
2025-01-15 23:19:14,487 INFO {'fc_fire': True, 'fc_pulse': -1, 'fc_pdelay': 5, 'fc_soft_armed': False, 'fc_redlines_armed': False, 'fc_state': 1}
2025-01-15 23:19:14,487 INFO {'fc_fire': True, 'fc_pulse': -1, 'fc_pdelay': 5, 'fc_soft_armed': False, 'fc_redlines_armed': False, 'fc_state': 1}
2025-01-15 23:19:14,487 INFO {'fc_fire': True, 'fc_pulse': -1, 'fc_pdelay': 5, 'fc_soft_armed': False, 'fc_redlines_armed': False, 'fc_state': 1}
2025-01-15 23:19:14,487 INFO {'fc_fire': True, 'fc_pulse': -1, 'fc_pdelay': 5, 'fc_soft_armed': False, 'fc_redlines_armed': False, 'fc_state': 1}
2025-01-15 23:19:14,487 INFO {'fc_fire': True, 'fc_pulse': -1, 'fc_pdelay': 5, 'fc_soft_armed': False, 'fc_redlines_armed': False, 'fc_state': 1}
2025-01-15 23:19:14,487 INFO {'fc_fire': True, 'fc_pulse': -1, 'fc_pdelay': 5, 'fc_soft_armed': False, 'fc_redlines_armed': False, 'fc_state': 1}
2025-01-15 23:19:14,492 INFO {'fc_fire': False, 'fc_pulse': 1, 'fc_pdelay': 5000, 'fc_soft_armed': False, 'fc_redlines_armed': False, 'fc_state': 1}
2025-01-15 23:19:14,492 INFO {'fc_fire': False, 'fc_pulse': 1, 'fc_pdelay': 5000, 'fc_soft_armed': False, 'fc_redlines_armed': False, 'fc_state': 1}
2025-01-15 23:19:14,492 INFO {'fc_fire': False, 'fc_pulse': 1, 'fc_pdelay': 5000, 'fc_soft_armed': False, 'fc_redlines_armed': False, 'fc_state': 1}
2025-01-15 23:19:14,492 INFO {'fc_fire': False, 'fc_pulse': 1, 'fc_pdelay': 5000, 'fc_soft_armed': False, 'fc_redlines_armed': False, 'fc_state': 1}
2025-01-15 23:19:14,492 INFO {'fc_fire': False, 'fc_pulse': 1, 'fc_pdelay': 5000, 'fc_soft_armed': False, 'fc_redlines_armed': False, 'fc_state': 1}
2025-01-15 23:19:14,492 INFO {'fc_fire': False, 'fc_pulse': 1, 'fc_pdelay': 5000, 'fc_soft_armed': False, 'fc_redlines_armed': False, 'fc_state': 1}
2025-01-15 23:19:14,492 INFO {'fc_fire': False, 'fc_pulse': 1, 'fc_pdelay': 5000, 'fc_soft_armed': False, 'fc_redlines_armed': False, 'fc_state': 1}
2025-01-15 23:19:14,492 INFO {'fc_fire': False, 'fc_pulse': 1, 'fc_pdelay': 5000, 'fc_soft_armed': False, 'fc_redlines_armed': False, 'fc_state': 1}
2025-01-15 23:19:14,492 INFO {'fc_fire': False, 'fc_pulse': 1, 'fc_pdelay': 5000, 'fc_soft_armed': False, 'fc_redlines_armed': False, 'fc_state': 1}
2025-01-15 23:19:14,492 INFO {'fc_fire': False, 'fc_pulse': 1, 'fc_pdelay': 5000, 'fc_soft_armed': False, 'fc_redlines_armed': False, 'fc_state': 1}
2025-01-15 23:19:14,496 INFO {'fc_fire': False, 'fc_pulse': 1, 'fc_pdelay': 5000, 'fc_soft_armed': False, 'fc_redlines_armed': False, 'fc_state': 1}
2025-01-15 23:19:14,496 INFO {'fc_fire': False, 'fc_pulse': 1, 'fc_pdelay': 5000, 'fc_soft_armed': False, 'fc_redlines_armed': False, 'fc_state': 1}
2025-01-15 23:19:14,496 INFO {'fc_fire': False, 'fc_pulse': 1, 'fc_pdelay': 5000, 'fc_soft_armed': False, 'fc_redlines_armed': False, 'fc_state': 1}
2025-01-15 23:19:14,496 INFO {'fc_fire': False, 'fc_pulse': 1, 'fc_pdelay': 5000, 'fc_soft_armed': False, 'fc_redlines_armed': False, 'fc_state': 1}
2025-01-15 23:19:14,496 INFO {'fc_fire': False, 'fc_pulse': 1, 'fc_pdelay': 5000, 'fc_soft_armed': False, 'fc_redlines_armed': False, 'fc_state': 1}
2025-01-15 23:19:14,496 INFO {'fc_fire': False, 'fc_pulse': 1, 'fc_pdelay': 5000, 'fc_soft_armed': False, 'fc_redlines_armed': False, 'fc_state': 1}
2025-01-15 23:19:14,496 INFO {'fc_fire': False, 'fc_pulse': 1, 'fc_pdelay': 5000, 'fc_soft_armed': False, 'fc_redlines_armed': False, 'fc_state': 1}
2025-01-15 23:19:14,496 INFO {'fc_fire': False, 'fc_pulse': 1, 'fc_pdelay': 5000, 'fc_soft_armed': False, 'fc_redlines_armed': False, 'fc_state': 1}
2025-01-15 23:19:14,496 INFO {'fc_fire': False, 'fc_pulse': 1, 'fc_pdelay': 5000, 'fc_soft_armed': False, 'fc_redlines_armed': False, 'fc_state': 1}
2025-01-15 23:19:14,496 INFO {'fc_fire': False, 'fc_pulse': 1, 'fc_pdelay': 5000, 'fc_soft_armed': False, 'fc_redlines_armed': False, 'fc_state': 1}
2025-01-15 23:19:14,496 INFO {'fc_fire': False, 'fc_pulse': 1, 'fc_pdelay': 5000, 'fc_soft_armed': False, 'fc_redlines_armed': False, 'fc_state': 1}
2025-01-15 23:19:22,195 ERROR Bad network state detected
2025-01-15 23:19:22,195 ERROR Bad network state detected
2025-01-15 23:19:22,199 ERROR Bad network state detected
2025-01-15 23:19:22,199 ERROR Bad network state detected
2025-01-15 23:19:22,199 ERROR Bad network state detected
2025-01-15 23:19:22,204 INFO {'fc_fire': False, 'fc_pulse': 1, 'fc_pdelay': 5000, 'fc_soft_armed': True, 'fc_redlines_armed': False, 'fc_state': 1}
2025-01-15 23:19:22,204 INFO {'fc_fire': False, 'fc_pulse': 1, 'fc_pdelay': 5000, 'fc_soft_armed': True, 'fc_redlines_armed': False, 'fc_state': 1}
2025-01-15 23:19:22,204 INFO {'fc_fire': False, 'fc_pulse': 1, 'fc_pdelay': 5000, 'fc_soft_armed': True, 'fc_redlines_armed': False, 'fc_state': 1}
2025-01-15 23:19:22,204 INFO {'fc_fire': False, 'fc_pulse': 1, 'fc_pdelay': 5000, 'fc_soft_armed': True, 'fc_redlines_armed': False, 'fc_state': 1}
2025-01-15 23:19:22,204 INFO {'fc_fire': False, 'fc_pulse': 1, 'fc_pdelay': 5000, 'fc_soft_armed': True, 'fc_redlines_armed': False, 'fc_state': 1}
2025-01-15 23:19:22,210 INFO {'fc_fire': False, 'fc_pulse': 1, 'fc_pdelay': 5000, 'fc_soft_armed': False, 'fc_redlines_armed': True, 'fc_state': 1}
2025-01-15 23:19:22,210 INFO {'fc_fire': False, 'fc_pulse': 1, 'fc_pdelay': 5000, 'fc_soft_armed': False, 'fc_redlines_armed': True, 'fc_state': 1}
2025-01-15 23:19:22,210 INFO {'fc_fire': False, 'fc_pulse': 1, 'fc_pdelay': 5000, 'fc_soft_armed': False, 'fc_redlines_armed': True, 'fc_state': 1}
2025-01-15 23:19:22,210 INFO {'fc_fire': False, 'fc_pulse': 1, 'fc_pdelay': 5000, 'fc_soft_armed': False, 'fc_redlines_armed': True, 'fc_state': 1}
2025-01-15 23:19:22,210 INFO {'fc_fire': False, 'fc_pulse': 1, 'fc_pdelay': 5000, 'fc_soft_armed': False, 'fc_redlines_armed': True, 'fc_state': 1}
2025-01-15 23:19:22,210 INFO {'fc_fire': False, 'fc_pulse': 1, 'fc_pdelay': 5000, 'fc_soft_armed': False, 'fc_redlines_armed': True, 'fc_state': 1}
2025-01-15 23:19:22,218 INFO {'fc_fire': False, 'fc_pulse': 1, 'fc_pdelay': 5000, 'fc_soft_armed': False, 'fc_redlines_armed': False, 'fc_state': 1}
2025-01-15 23:19:22,218 INFO {'fc_fire': False, 'fc_pulse': 1, 'fc_pdelay': 5000, 'fc_soft_armed': False, 'fc_redlines_armed': False, 'fc_state': 1}
2025-01-15 23:19:22,218 INFO {'fc_fire': False, 'fc_pulse': 1, 'fc_pdelay': 5000, 'fc_soft_armed': False, 'fc_redlines_armed': False, 'fc_state': 1}
2025-01-15 23:19:22,218 INFO {'fc_fire': False, 'fc_pulse': 1, 'fc_pdelay': 5000, 'fc_soft_armed': False, 'fc_redlines_armed': False, 'fc_state': 1}
2025-01-15 23:19:22,218 INFO {'fc_fire': False, 'fc_pulse': 1, 'fc_pdelay': 5000, 'fc_soft_armed': False, 'fc_redlines_armed': False, 'fc_state': 1}
2025-01-15 23:19:22,218 INFO {'fc_fire': False, 'fc_pulse': 1, 'fc_pdelay': 5000, 'fc_soft_armed': False, 'fc_redlines_armed': False, 'fc_state': 1}
2025-01-15 23:19:22,218 INFO {'fc_fire': False, 'fc_pulse': 1, 'fc_pdelay': 5000, 'fc_soft_armed': False, 'fc_redlines_armed': False, 'fc_state': 1}
2025-01-15 23:19:22,222 INFO {'fc_fire': True, 'fc_pulse': -1, 'fc_pdelay': 5, 'fc_soft_armed': False, 'fc_redlines_armed': False, 'fc_state': 1}
2025-01-15 23:19:22,222 INFO {'fc_fire': True, 'fc_pulse': -1, 'fc_pdelay': 5, 'fc_soft_armed': False, 'fc_redlines_armed': False, 'fc_state': 1}
2025-01-15 23:19:22,222 INFO {'fc_fire': True, 'fc_pulse': -1, 'fc_pdelay': 5, 'fc_soft_armed': False, 'fc_redlines_armed': False, 'fc_state': 1}
2025-01-15 23:19:22,222 INFO {'fc_fire': True, 'fc_pulse': -1, 'fc_pdelay': 5, 'fc_soft_armed': False, 'fc_redlines_armed': False, 'fc_state': 1}
2025-01-15 23:19:22,222 INFO {'fc_fire': True, 'fc_pulse': -1, 'fc_pdelay': 5, 'fc_soft_armed': False, 'fc_redlines_armed': False, 'fc_state': 1}
2025-01-15 23:19:22,222 INFO {'fc_fire': True, 'fc_pulse': -1, 'fc_pdelay': 5, 'fc_soft_armed': False, 'fc_redlines_armed': False, 'fc_state': 1}
2025-01-15 23:19:22,222 INFO {'fc_fire': True, 'fc_pulse': -1, 'fc_pdelay': 5, 'fc_soft_armed': False, 'fc_redlines_armed': False, 'fc_state': 1}
2025-01-15 23:19:22,222 INFO {'fc_fire': True, 'fc_pulse': -1, 'fc_pdelay': 5, 'fc_soft_armed': False, 'fc_redlines_armed': False, 'fc_state': 1}
2025-01-15 23:19:22,226 INFO {'fc_fire': True, 'fc_pulse': -1, 'fc_pdelay': 5, 'fc_soft_armed': False, 'fc_redlines_armed': False, 'fc_state': 1}
2025-01-15 23:19:22,226 INFO {'fc_fire': True, 'fc_pulse': -1, 'fc_pdelay': 5, 'fc_soft_armed': False, 'fc_redlines_armed': False, 'fc_state': 1}
2025-01-15 23:19:22,226 INFO {'fc_fire': True, 'fc_pulse': -1, 'fc_pdelay': 5, 'fc_soft_armed': False, 'fc_redlines_armed': False, 'fc_state': 1}
2025-01-15 23:19:22,226 INFO {'fc_fire': True, 'fc_pulse': -1, 'fc_pdelay': 5, 'fc_soft_armed': False, 'fc_redlines_armed': False, 'fc_state': 1}
2025-01-15 23:19:22,226 INFO {'fc_fire': True, 'fc_pulse': -1, 'fc_pdelay': 5, 'fc_soft_armed': False, 'fc_redlines_armed': False, 'fc_state': 1}
2025-01-15 23:19:22,226 INFO {'fc_fire': True, 'fc_pulse': -1, 'fc_pdelay': 5, 'fc_soft_armed': False, 'fc_redlines_armed': False, 'fc_state': 1}
2025-01-15 23:19:22,226 INFO {'fc_fire': True, 'fc_pulse': -1, 'fc_pdelay': 5, 'fc_soft_armed': False, 'fc_redlines_armed': False, 'fc_state': 1}
2025-01-15 23:19:22,226 INFO {'fc_fire': True, 'fc_pulse': -1, 'fc_pdelay': 5, 'fc_soft_armed': False, 'fc_redlines_armed': False, 'fc_state': 1}
2025-01-15 23:19:22,226 INFO {'fc_fire': True, 'fc_pulse': -1, 'fc_pdelay': 5, 'fc_soft_armed': False, 'fc_redlines_armed': False, 'fc_state': 1}
2025-01-15 23:19:22,230 INFO {'fc_fire': False, 'fc_pulse': 1, 'fc_pdelay': 5000, 'fc_soft_armed': False, 'fc_redlines_armed': False, 'fc_state': 1}
2025-01-15 23:19:22,230 INFO {'fc_fire': False, 'fc_pulse': 1, 'fc_pdelay': 5000, 'fc_soft_armed': False, 'fc_redlines_armed': False, 'fc_state': 1}
2025-01-15 23:19:22,230 INFO {'fc_fire': False, 'fc_pulse': 1, 'fc_pdelay': 5000, 'fc_soft_armed': False, 'fc_redlines_armed': False, 'fc_state': 1}
2025-01-15 23:19:22,230 INFO {'fc_fire': False, 'fc_pulse': 1, 'fc_pdelay': 5000, 'fc_soft_armed': False, 'fc_redlines_armed': False, 'fc_state': 1}
2025-01-15 23:19:22,230 INFO {'fc_fire': False, 'fc_pulse': 1, 'fc_pdelay': 5000, 'fc_soft_armed': False, 'fc_redlines_armed': False, 'fc_state': 1}
2025-01-15 23:19:22,230 INFO {'fc_fire': False, 'fc_pulse': 1, 'fc_pdelay': 5000, 'fc_soft_armed': False, 'fc_redlines_armed': False, 'fc_state': 1}
2025-01-15 23:19:22,230 INFO {'fc_fire': False, 'fc_pulse': 1, 'fc_pdelay': 5000, 'fc_soft_armed': False, 'fc_redlines_armed': False, 'fc_state': 1}
2025-01-15 23:19:22,230 INFO {'fc_fire': False, 'fc_pulse': 1, 'fc_pdelay': 5000, 'fc_soft_armed': False, 'fc_redlines_armed': False, 'fc_state': 1}
2025-01-15 23:19:22,230 INFO {'fc_fire': False, 'fc_pulse': 1, 'fc_pdelay': 5000, 'fc_soft_armed': False, 'fc_redlines_armed': False, 'fc_state': 1}
2025-01-15 23:19:22,230 INFO {'fc_fire': False, 'fc_pulse': 1, 'fc_pdelay': 5000, 'fc_soft_armed': False, 'fc_redlines_armed': False, 'fc_state': 1}
2025-01-15 23:19:22,236 INFO {'fc_fire': False, 'fc_pulse': 1, 'fc_pdelay': 5000, 'fc_soft_armed': False, 'fc_redlines_armed': False, 'fc_state': 1}
2025-01-15 23:19:22,236 INFO {'fc_fire': False, 'fc_pulse': 1, 'fc_pdelay': 5000, 'fc_soft_armed': False, 'fc_redlines_armed': False, 'fc_state': 1}
2025-01-15 23:19:22,236 INFO {'fc_fire': False, 'fc_pulse': 1, 'fc_pdelay': 5000, 'fc_soft_armed': False, 'fc_redlines_armed': False, 'fc_state': 1}
2025-01-15 23:19:22,236 INFO {'fc_fire': False, 'fc_pulse': 1, 'fc_pdelay': 5000, 'fc_soft_armed': False, 'fc_redlines_armed': False, 'fc_state': 1}
2025-01-15 23:19:22,236 INFO {'fc_fire': False, 'fc_pulse': 1, 'fc_pdelay': 5000, 'fc_soft_armed': False, 'fc_redlines_armed': False, 'fc_state': 1}
2025-01-15 23:19:22,236 INFO {'fc_fire': False, 'fc_pulse': 1, 'fc_pdelay': 5000, 'fc_soft_armed': False, 'fc_redlines_armed': False, 'fc_state': 1}
2025-01-15 23:19:22,236 INFO {'fc_fire': False, 'fc_pulse': 1, 'fc_pdelay': 5000, 'fc_soft_armed': False, 'fc_redlines_armed': False, 'fc_state': 1}
2025-01-15 23:19:22,236 INFO {'fc_fire': False, 'fc_pulse': 1, 'fc_pdelay': 5000, 'fc_soft_armed': False, 'fc_redlines_armed': False, 'fc_state': 1}
2025-01-15 23:19:22,236 INFO {'fc_fire': False, 'fc_pulse': 1, 'fc_pdelay': 5000, 'fc_soft_armed': False, 'fc_redlines_armed': False, 'fc_state': 1}
2025-01-15 23:19:22,236 INFO {'fc_fire': False, 'fc_pulse': 1, 'fc_pdelay': 5000, 'fc_soft_armed': False, 'fc_redlines_armed': False, 'fc_state': 1}
2025-01-15 23:19:22,236 INFO {'fc_fire': False, 'fc_pulse': 1, 'fc_pdelay': 5000, 'fc_soft_armed': False, 'fc_redlines_armed': False, 'fc_state': 1}
2025-01-15 23:20:21,517 ERROR Bad network state detected
2025-01-15 23:20:21,517 ERROR Bad network state detected
2025-01-15 23:20:21,522 ERROR Bad network state detected
2025-01-15 23:20:21,522 ERROR Bad network state detected
2025-01-15 23:20:21,522 ERROR Bad network state detected
2025-01-15 23:20:21,529 INFO {'fc_fire': False, 'fc_pulse': 1, 'fc_pdelay': 5000, 'fc_soft_armed': True, 'fc_redlines_armed': False, 'fc_state': 1}
2025-01-15 23:20:21,529 INFO {'fc_fire': False, 'fc_pulse': 1, 'fc_pdelay': 5000, 'fc_soft_armed': True, 'fc_redlines_armed': False, 'fc_state': 1}
2025-01-15 23:20:21,529 INFO {'fc_fire': False, 'fc_pulse': 1, 'fc_pdelay': 5000, 'fc_soft_armed': True, 'fc_redlines_armed': False, 'fc_state': 1}
2025-01-15 23:20:21,529 INFO {'fc_fire': False, 'fc_pulse': 1, 'fc_pdelay': 5000, 'fc_soft_armed': True, 'fc_redlines_armed': False, 'fc_state': 1}
2025-01-15 23:20:21,529 INFO {'fc_fire': False, 'fc_pulse': 1, 'fc_pdelay': 5000, 'fc_soft_armed': True, 'fc_redlines_armed': False, 'fc_state': 1}
2025-01-15 23:20:21,539 INFO {'fc_fire': False, 'fc_pulse': 1, 'fc_pdelay': 5000, 'fc_soft_armed': False, 'fc_redlines_armed': True, 'fc_state': 1}
2025-01-15 23:20:21,539 INFO {'fc_fire': False, 'fc_pulse': 1, 'fc_pdelay': 5000, 'fc_soft_armed': False, 'fc_redlines_armed': True, 'fc_state': 1}
2025-01-15 23:20:21,539 INFO {'fc_fire': False, 'fc_pulse': 1, 'fc_pdelay': 5000, 'fc_soft_armed': False, 'fc_redlines_armed': True, 'fc_state': 1}
2025-01-15 23:20:21,539 INFO {'fc_fire': False, 'fc_pulse': 1, 'fc_pdelay': 5000, 'fc_soft_armed': False, 'fc_redlines_armed': True, 'fc_state': 1}
2025-01-15 23:20:21,539 INFO {'fc_fire': False, 'fc_pulse': 1, 'fc_pdelay': 5000, 'fc_soft_armed': False, 'fc_redlines_armed': True, 'fc_state': 1}
2025-01-15 23:20:21,539 INFO {'fc_fire': False, 'fc_pulse': 1, 'fc_pdelay': 5000, 'fc_soft_armed': False, 'fc_redlines_armed': True, 'fc_state': 1}
2025-01-15 23:20:21,543 INFO {'fc_fire': False, 'fc_pulse': 1, 'fc_pdelay': 5000, 'fc_soft_armed': False, 'fc_redlines_armed': False, 'fc_state': 1}
2025-01-15 23:20:21,543 INFO {'fc_fire': False, 'fc_pulse': 1, 'fc_pdelay': 5000, 'fc_soft_armed': False, 'fc_redlines_armed': False, 'fc_state': 1}
2025-01-15 23:20:21,543 INFO {'fc_fire': False, 'fc_pulse': 1, 'fc_pdelay': 5000, 'fc_soft_armed': False, 'fc_redlines_armed': False, 'fc_state': 1}
2025-01-15 23:20:21,543 INFO {'fc_fire': False, 'fc_pulse': 1, 'fc_pdelay': 5000, 'fc_soft_armed': False, 'fc_redlines_armed': False, 'fc_state': 1}
2025-01-15 23:20:21,543 INFO {'fc_fire': False, 'fc_pulse': 1, 'fc_pdelay': 5000, 'fc_soft_armed': False, 'fc_redlines_armed': False, 'fc_state': 1}
2025-01-15 23:20:21,543 INFO {'fc_fire': False, 'fc_pulse': 1, 'fc_pdelay': 5000, 'fc_soft_armed': False, 'fc_redlines_armed': False, 'fc_state': 1}
2025-01-15 23:20:21,543 INFO {'fc_fire': False, 'fc_pulse': 1, 'fc_pdelay': 5000, 'fc_soft_armed': False, 'fc_redlines_armed': False, 'fc_state': 1}
2025-01-15 23:20:21,549 INFO {'fc_fire': True, 'fc_pulse': -1, 'fc_pdelay': 5, 'fc_soft_armed': False, 'fc_redlines_armed': False, 'fc_state': 1}
2025-01-15 23:20:21,549 INFO {'fc_fire': True, 'fc_pulse': -1, 'fc_pdelay': 5, 'fc_soft_armed': False, 'fc_redlines_armed': False, 'fc_state': 1}
2025-01-15 23:20:21,549 INFO {'fc_fire': True, 'fc_pulse': -1, 'fc_pdelay': 5, 'fc_soft_armed': False, 'fc_redlines_armed': False, 'fc_state': 1}
2025-01-15 23:20:21,549 INFO {'fc_fire': True, 'fc_pulse': -1, 'fc_pdelay': 5, 'fc_soft_armed': False, 'fc_redlines_armed': False, 'fc_state': 1}
2025-01-15 23:20:21,549 INFO {'fc_fire': True, 'fc_pulse': -1, 'fc_pdelay': 5, 'fc_soft_armed': False, 'fc_redlines_armed': False, 'fc_state': 1}
2025-01-15 23:20:21,549 INFO {'fc_fire': True, 'fc_pulse': -1, 'fc_pdelay': 5, 'fc_soft_armed': False, 'fc_redlines_armed': False, 'fc_state': 1}
2025-01-15 23:20:21,549 INFO {'fc_fire': True, 'fc_pulse': -1, 'fc_pdelay': 5, 'fc_soft_armed': False, 'fc_redlines_armed': False, 'fc_state': 1}
2025-01-15 23:20:21,549 INFO {'fc_fire': True, 'fc_pulse': -1, 'fc_pdelay': 5, 'fc_soft_armed': False, 'fc_redlines_armed': False, 'fc_state': 1}
2025-01-15 23:20:21,554 INFO {'fc_fire': True, 'fc_pulse': -1, 'fc_pdelay': 5, 'fc_soft_armed': False, 'fc_redlines_armed': False, 'fc_state': 1}
2025-01-15 23:20:21,554 INFO {'fc_fire': True, 'fc_pulse': -1, 'fc_pdelay': 5, 'fc_soft_armed': False, 'fc_redlines_armed': False, 'fc_state': 1}
2025-01-15 23:20:21,554 INFO {'fc_fire': True, 'fc_pulse': -1, 'fc_pdelay': 5, 'fc_soft_armed': False, 'fc_redlines_armed': False, 'fc_state': 1}
2025-01-15 23:20:21,554 INFO {'fc_fire': True, 'fc_pulse': -1, 'fc_pdelay': 5, 'fc_soft_armed': False, 'fc_redlines_armed': False, 'fc_state': 1}
2025-01-15 23:20:21,554 INFO {'fc_fire': True, 'fc_pulse': -1, 'fc_pdelay': 5, 'fc_soft_armed': False, 'fc_redlines_armed': False, 'fc_state': 1}
2025-01-15 23:20:21,554 INFO {'fc_fire': True, 'fc_pulse': -1, 'fc_pdelay': 5, 'fc_soft_armed': False, 'fc_redlines_armed': False, 'fc_state': 1}
2025-01-15 23:20:21,554 INFO {'fc_fire': True, 'fc_pulse': -1, 'fc_pdelay': 5, 'fc_soft_armed': False, 'fc_redlines_armed': False, 'fc_state': 1}
2025-01-15 23:20:21,554 INFO {'fc_fire': True, 'fc_pulse': -1, 'fc_pdelay': 5, 'fc_soft_armed': False, 'fc_redlines_armed': False, 'fc_state': 1}
2025-01-15 23:20:21,554 INFO {'fc_fire': True, 'fc_pulse': -1, 'fc_pdelay': 5, 'fc_soft_armed': False, 'fc_redlines_armed': False, 'fc_state': 1}
2025-01-15 23:20:21,559 INFO {'fc_fire': False, 'fc_pulse': 1, 'fc_pdelay': 5000, 'fc_soft_armed': False, 'fc_redlines_armed': False, 'fc_state': 1}
2025-01-15 23:20:21,559 INFO {'fc_fire': False, 'fc_pulse': 1, 'fc_pdelay': 5000, 'fc_soft_armed': False, 'fc_redlines_armed': False, 'fc_state': 1}
2025-01-15 23:20:21,559 INFO {'fc_fire': False, 'fc_pulse': 1, 'fc_pdelay': 5000, 'fc_soft_armed': False, 'fc_redlines_armed': False, 'fc_state': 1}
2025-01-15 23:20:21,559 INFO {'fc_fire': False, 'fc_pulse': 1, 'fc_pdelay': 5000, 'fc_soft_armed': False, 'fc_redlines_armed': False, 'fc_state': 1}
2025-01-15 23:20:21,559 INFO {'fc_fire': False, 'fc_pulse': 1, 'fc_pdelay': 5000, 'fc_soft_armed': False, 'fc_redlines_armed': False, 'fc_state': 1}
2025-01-15 23:20:21,559 INFO {'fc_fire': False, 'fc_pulse': 1, 'fc_pdelay': 5000, 'fc_soft_armed': False, 'fc_redlines_armed': False, 'fc_state': 1}
2025-01-15 23:20:21,559 INFO {'fc_fire': False, 'fc_pulse': 1, 'fc_pdelay': 5000, 'fc_soft_armed': False, 'fc_redlines_armed': False, 'fc_state': 1}
2025-01-15 23:20:21,559 INFO {'fc_fire': False, 'fc_pulse': 1, 'fc_pdelay': 5000, 'fc_soft_armed': False, 'fc_redlines_armed': False, 'fc_state': 1}
2025-01-15 23:20:21,559 INFO {'fc_fire': False, 'fc_pulse': 1, 'fc_pdelay': 5000, 'fc_soft_armed': False, 'fc_redlines_armed': False, 'fc_state': 1}
2025-01-15 23:20:21,559 INFO {'fc_fire': False, 'fc_pulse': 1, 'fc_pdelay': 5000, 'fc_soft_armed': False, 'fc_redlines_armed': False, 'fc_state': 1}
2025-01-15 23:20:21,562 INFO {'fc_fire': False, 'fc_pulse': 1, 'fc_pdelay': 5000, 'fc_soft_armed': False, 'fc_redlines_armed': False, 'fc_state': 1}
2025-01-15 23:20:21,562 INFO {'fc_fire': False, 'fc_pulse': 1, 'fc_pdelay': 5000, 'fc_soft_armed': False, 'fc_redlines_armed': False, 'fc_state': 1}
2025-01-15 23:20:21,562 INFO {'fc_fire': False, 'fc_pulse': 1, 'fc_pdelay': 5000, 'fc_soft_armed': False, 'fc_redlines_armed': False, 'fc_state': 1}
2025-01-15 23:20:21,562 INFO {'fc_fire': False, 'fc_pulse': 1, 'fc_pdelay': 5000, 'fc_soft_armed': False, 'fc_redlines_armed': False, 'fc_state': 1}
2025-01-15 23:20:21,562 INFO {'fc_fire': False, 'fc_pulse': 1, 'fc_pdelay': 5000, 'fc_soft_armed': False, 'fc_redlines_armed': False, 'fc_state': 1}
2025-01-15 23:20:21,562 INFO {'fc_fire': False, 'fc_pulse': 1, 'fc_pdelay': 5000, 'fc_soft_armed': False, 'fc_redlines_armed': False, 'fc_state': 1}
2025-01-15 23:20:21,562 INFO {'fc_fire': False, 'fc_pulse': 1, 'fc_pdelay': 5000, 'fc_soft_armed': False, 'fc_redlines_armed': False, 'fc_state': 1}
2025-01-15 23:20:21,562 INFO {'fc_fire': False, 'fc_pulse': 1, 'fc_pdelay': 5000, 'fc_soft_armed': False, 'fc_redlines_armed': False, 'fc_state': 1}
2025-01-15 23:20:21,562 INFO {'fc_fire': False, 'fc_pulse': 1, 'fc_pdelay': 5000, 'fc_soft_armed': False, 'fc_redlines_armed': False, 'fc_state': 1}
2025-01-15 23:20:21,562 INFO {'fc_fire': False, 'fc_pulse': 1, 'fc_pdelay': 5000, 'fc_soft_armed': False, 'fc_redlines_armed': False, 'fc_state': 1}
2025-01-15 23:20:21,562 INFO {'fc_fire': False, 'fc_pulse': 1, 'fc_pdelay': 5000, 'fc_soft_armed': False, 'fc_redlines_armed': False, 'fc_state': 1}
2025-01-16 11:15:03,790 ERROR Bad network state detected
2025-01-16 11:15:03,790 ERROR Bad network state detected
2025-01-16 11:15:03,790 ERROR Bad network state detected
2025-01-16 11:15:03,795 ERROR Bad network state detected
2025-01-16 11:15:03,795 ERROR Bad network state detected
2025-01-16 11:15:03,795 ERROR Bad network state detected
2025-01-16 11:15:03,795 ERROR Bad network state detected
2025-01-16 11:15:03,798 INFO {'fc_fire': False, 'fc_pulse': 1, 'fc_pdelay': 5000, 'fc_soft_armed': True, 'fc_redlines_armed': False, 'fc_state': 1}
2025-01-16 11:15:03,798 INFO {'fc_fire': False, 'fc_pulse': 1, 'fc_pdelay': 5000, 'fc_soft_armed': True, 'fc_redlines_armed': False, 'fc_state': 1}
2025-01-16 11:15:03,798 INFO {'fc_fire': False, 'fc_pulse': 1, 'fc_pdelay': 5000, 'fc_soft_armed': True, 'fc_redlines_armed': False, 'fc_state': 1}
2025-01-16 11:15:03,798 INFO {'fc_fire': False, 'fc_pulse': 1, 'fc_pdelay': 5000, 'fc_soft_armed': True, 'fc_redlines_armed': False, 'fc_state': 1}
2025-01-16 11:15:03,798 INFO {'fc_fire': False, 'fc_pulse': 1, 'fc_pdelay': 5000, 'fc_soft_armed': True, 'fc_redlines_armed': False, 'fc_state': 1}
2025-01-16 11:15:03,798 INFO {'fc_fire': False, 'fc_pulse': 1, 'fc_pdelay': 5000, 'fc_soft_armed': True, 'fc_redlines_armed': False, 'fc_state': 1}
2025-01-16 11:15:03,801 INFO {'fc_fire': False, 'fc_pulse': 1, 'fc_pdelay': 5000, 'fc_soft_armed': False, 'fc_redlines_armed': True, 'fc_state': 1}
2025-01-16 11:15:03,801 INFO {'fc_fire': False, 'fc_pulse': 1, 'fc_pdelay': 5000, 'fc_soft_armed': False, 'fc_redlines_armed': True, 'fc_state': 1}
2025-01-16 11:15:03,801 INFO {'fc_fire': False, 'fc_pulse': 1, 'fc_pdelay': 5000, 'fc_soft_armed': False, 'fc_redlines_armed': True, 'fc_state': 1}
2025-01-16 11:15:03,801 INFO {'fc_fire': False, 'fc_pulse': 1, 'fc_pdelay': 5000, 'fc_soft_armed': False, 'fc_redlines_armed': True, 'fc_state': 1}
2025-01-16 11:15:03,801 INFO {'fc_fire': False, 'fc_pulse': 1, 'fc_pdelay': 5000, 'fc_soft_armed': False, 'fc_redlines_armed': True, 'fc_state': 1}
2025-01-16 11:15:03,801 INFO {'fc_fire': False, 'fc_pulse': 1, 'fc_pdelay': 5000, 'fc_soft_armed': False, 'fc_redlines_armed': True, 'fc_state': 1}
2025-01-16 11:15:03,801 INFO {'fc_fire': False, 'fc_pulse': 1, 'fc_pdelay': 5000, 'fc_soft_armed': False, 'fc_redlines_armed': True, 'fc_state': 1}
2025-01-16 11:15:03,803 INFO {'fc_fire': False, 'fc_pulse': 1, 'fc_pdelay': 5000, 'fc_soft_armed': False, 'fc_redlines_armed': False, 'fc_state': 1}
2025-01-16 11:15:03,803 INFO {'fc_fire': False, 'fc_pulse': 1, 'fc_pdelay': 5000, 'fc_soft_armed': False, 'fc_redlines_armed': False, 'fc_state': 1}
2025-01-16 11:15:03,803 INFO {'fc_fire': False, 'fc_pulse': 1, 'fc_pdelay': 5000, 'fc_soft_armed': False, 'fc_redlines_armed': False, 'fc_state': 1}
2025-01-16 11:15:03,803 INFO {'fc_fire': False, 'fc_pulse': 1, 'fc_pdelay': 5000, 'fc_soft_armed': False, 'fc_redlines_armed': False, 'fc_state': 1}
2025-01-16 11:15:03,803 INFO {'fc_fire': False, 'fc_pulse': 1, 'fc_pdelay': 5000, 'fc_soft_armed': False, 'fc_redlines_armed': False, 'fc_state': 1}
2025-01-16 11:15:03,803 INFO {'fc_fire': False, 'fc_pulse': 1, 'fc_pdelay': 5000, 'fc_soft_armed': False, 'fc_redlines_armed': False, 'fc_state': 1}
2025-01-16 11:15:03,803 INFO {'fc_fire': False, 'fc_pulse': 1, 'fc_pdelay': 5000, 'fc_soft_armed': False, 'fc_redlines_armed': False, 'fc_state': 1}
2025-01-16 11:15:03,803 INFO {'fc_fire': False, 'fc_pulse': 1, 'fc_pdelay': 5000, 'fc_soft_armed': False, 'fc_redlines_armed': False, 'fc_state': 1}
2025-01-16 11:15:03,806 INFO {'fc_fire': True, 'fc_pulse': -1, 'fc_pdelay': 5, 'fc_soft_armed': False, 'fc_redlines_armed': False, 'fc_state': 1}
2025-01-16 11:15:03,806 INFO {'fc_fire': True, 'fc_pulse': -1, 'fc_pdelay': 5, 'fc_soft_armed': False, 'fc_redlines_armed': False, 'fc_state': 1}
2025-01-16 11:15:03,806 INFO {'fc_fire': True, 'fc_pulse': -1, 'fc_pdelay': 5, 'fc_soft_armed': False, 'fc_redlines_armed': False, 'fc_state': 1}
2025-01-16 11:15:03,806 INFO {'fc_fire': True, 'fc_pulse': -1, 'fc_pdelay': 5, 'fc_soft_armed': False, 'fc_redlines_armed': False, 'fc_state': 1}
2025-01-16 11:15:03,806 INFO {'fc_fire': True, 'fc_pulse': -1, 'fc_pdelay': 5, 'fc_soft_armed': False, 'fc_redlines_armed': False, 'fc_state': 1}
2025-01-16 11:15:03,806 INFO {'fc_fire': True, 'fc_pulse': -1, 'fc_pdelay': 5, 'fc_soft_armed': False, 'fc_redlines_armed': False, 'fc_state': 1}
2025-01-16 11:15:03,806 INFO {'fc_fire': True, 'fc_pulse': -1, 'fc_pdelay': 5, 'fc_soft_armed': False, 'fc_redlines_armed': False, 'fc_state': 1}
2025-01-16 11:15:03,806 INFO {'fc_fire': True, 'fc_pulse': -1, 'fc_pdelay': 5, 'fc_soft_armed': False, 'fc_redlines_armed': False, 'fc_state': 1}
2025-01-16 11:15:03,806 INFO {'fc_fire': True, 'fc_pulse': -1, 'fc_pdelay': 5, 'fc_soft_armed': False, 'fc_redlines_armed': False, 'fc_state': 1}
2025-01-16 11:15:03,808 INFO {'fc_fire': True, 'fc_pulse': -1, 'fc_pdelay': 5, 'fc_soft_armed': False, 'fc_redlines_armed': False, 'fc_state': 1}
2025-01-16 11:15:03,808 INFO {'fc_fire': True, 'fc_pulse': -1, 'fc_pdelay': 5, 'fc_soft_armed': False, 'fc_redlines_armed': False, 'fc_state': 1}
2025-01-16 11:15:03,808 INFO {'fc_fire': True, 'fc_pulse': -1, 'fc_pdelay': 5, 'fc_soft_armed': False, 'fc_redlines_armed': False, 'fc_state': 1}
2025-01-16 11:15:03,808 INFO {'fc_fire': True, 'fc_pulse': -1, 'fc_pdelay': 5, 'fc_soft_armed': False, 'fc_redlines_armed': False, 'fc_state': 1}
2025-01-16 11:15:03,808 INFO {'fc_fire': True, 'fc_pulse': -1, 'fc_pdelay': 5, 'fc_soft_armed': False, 'fc_redlines_armed': False, 'fc_state': 1}
2025-01-16 11:15:03,808 INFO {'fc_fire': True, 'fc_pulse': -1, 'fc_pdelay': 5, 'fc_soft_armed': False, 'fc_redlines_armed': False, 'fc_state': 1}
2025-01-16 11:15:03,808 INFO {'fc_fire': True, 'fc_pulse': -1, 'fc_pdelay': 5, 'fc_soft_armed': False, 'fc_redlines_armed': False, 'fc_state': 1}
2025-01-16 11:15:03,808 INFO {'fc_fire': True, 'fc_pulse': -1, 'fc_pdelay': 5, 'fc_soft_armed': False, 'fc_redlines_armed': False, 'fc_state': 1}
2025-01-16 11:15:03,808 INFO {'fc_fire': True, 'fc_pulse': -1, 'fc_pdelay': 5, 'fc_soft_armed': False, 'fc_redlines_armed': False, 'fc_state': 1}
2025-01-16 11:15:03,808 INFO {'fc_fire': True, 'fc_pulse': -1, 'fc_pdelay': 5, 'fc_soft_armed': False, 'fc_redlines_armed': False, 'fc_state': 1}
2025-01-16 11:15:03,809 INFO {'fc_fire': False, 'fc_pulse': 1, 'fc_pdelay': 5000, 'fc_soft_armed': False, 'fc_redlines_armed': False, 'fc_state': 1}
2025-01-16 11:15:03,809 INFO {'fc_fire': False, 'fc_pulse': 1, 'fc_pdelay': 5000, 'fc_soft_armed': False, 'fc_redlines_armed': False, 'fc_state': 1}
2025-01-16 11:15:03,809 INFO {'fc_fire': False, 'fc_pulse': 1, 'fc_pdelay': 5000, 'fc_soft_armed': False, 'fc_redlines_armed': False, 'fc_state': 1}
2025-01-16 11:15:03,809 INFO {'fc_fire': False, 'fc_pulse': 1, 'fc_pdelay': 5000, 'fc_soft_armed': False, 'fc_redlines_armed': False, 'fc_state': 1}
2025-01-16 11:15:03,809 INFO {'fc_fire': False, 'fc_pulse': 1, 'fc_pdelay': 5000, 'fc_soft_armed': False, 'fc_redlines_armed': False, 'fc_state': 1}
2025-01-16 11:15:03,809 INFO {'fc_fire': False, 'fc_pulse': 1, 'fc_pdelay': 5000, 'fc_soft_armed': False, 'fc_redlines_armed': False, 'fc_state': 1}
2025-01-16 11:15:03,809 INFO {'fc_fire': False, 'fc_pulse': 1, 'fc_pdelay': 5000, 'fc_soft_armed': False, 'fc_redlines_armed': False, 'fc_state': 1}
2025-01-16 11:15:03,809 INFO {'fc_fire': False, 'fc_pulse': 1, 'fc_pdelay': 5000, 'fc_soft_armed': False, 'fc_redlines_armed': False, 'fc_state': 1}
2025-01-16 11:15:03,809 INFO {'fc_fire': False, 'fc_pulse': 1, 'fc_pdelay': 5000, 'fc_soft_armed': False, 'fc_redlines_armed': False, 'fc_state': 1}
2025-01-16 11:15:03,809 INFO {'fc_fire': False, 'fc_pulse': 1, 'fc_pdelay': 5000, 'fc_soft_armed': False, 'fc_redlines_armed': False, 'fc_state': 1}
2025-01-16 11:15:03,809 INFO {'fc_fire': False, 'fc_pulse': 1, 'fc_pdelay': 5000, 'fc_soft_armed': False, 'fc_redlines_armed': False, 'fc_state': 1}
2025-01-16 11:15:03,813 INFO {'fc_fire': False, 'fc_pulse': 1, 'fc_pdelay': 5000, 'fc_soft_armed': False, 'fc_redlines_armed': False, 'fc_state': 1}
2025-01-16 11:15:03,813 INFO {'fc_fire': False, 'fc_pulse': 1, 'fc_pdelay': 5000, 'fc_soft_armed': False, 'fc_redlines_armed': False, 'fc_state': 1}
2025-01-16 11:15:03,813 INFO {'fc_fire': False, 'fc_pulse': 1, 'fc_pdelay': 5000, 'fc_soft_armed': False, 'fc_redlines_armed': False, 'fc_state': 1}
2025-01-16 11:15:03,813 INFO {'fc_fire': False, 'fc_pulse': 1, 'fc_pdelay': 5000, 'fc_soft_armed': False, 'fc_redlines_armed': False, 'fc_state': 1}
2025-01-16 11:15:03,813 INFO {'fc_fire': False, 'fc_pulse': 1, 'fc_pdelay': 5000, 'fc_soft_armed': False, 'fc_redlines_armed': False, 'fc_state': 1}
2025-01-16 11:15:03,813 INFO {'fc_fire': False, 'fc_pulse': 1, 'fc_pdelay': 5000, 'fc_soft_armed': False, 'fc_redlines_armed': False, 'fc_state': 1}
2025-01-16 11:15:03,813 INFO {'fc_fire': False, 'fc_pulse': 1, 'fc_pdelay': 5000, 'fc_soft_armed': False, 'fc_redlines_armed': False, 'fc_state': 1}
2025-01-16 11:15:03,813 INFO {'fc_fire': False, 'fc_pulse': 1, 'fc_pdelay': 5000, 'fc_soft_armed': False, 'fc_redlines_armed': False, 'fc_state': 1}
2025-01-16 11:15:03,813 INFO {'fc_fire': False, 'fc_pulse': 1, 'fc_pdelay': 5000, 'fc_soft_armed': False, 'fc_redlines_armed': False, 'fc_state': 1}
2025-01-16 11:15:03,813 INFO {'fc_fire': False, 'fc_pulse': 1, 'fc_pdelay': 5000, 'fc_soft_armed': False, 'fc_redlines_armed': False, 'fc_state': 1}
2025-01-16 11:15:03,813 INFO {'fc_fire': False, 'fc_pulse': 1, 'fc_pdelay': 5000, 'fc_soft_armed': False, 'fc_redlines_armed': False, 'fc_state': 1}
2025-01-16 11:15:03,813 INFO {'fc_fire': False, 'fc_pulse': 1, 'fc_pdelay': 5000, 'fc_soft_armed': False, 'fc_redlines_armed': False, 'fc_state': 1}
2025-01-16 11:15:22,103 ERROR Bad network state detected
2025-01-16 11:15:22,103 ERROR Bad network state detected
2025-01-16 11:15:22,103 ERROR Bad network state detected
2025-01-16 11:15:22,110 ERROR Bad network state detected
2025-01-16 11:15:22,110 ERROR Bad network state detected
2025-01-16 11:15:22,110 ERROR Bad network state detected
2025-01-16 11:15:22,110 ERROR Bad network state detected
2025-01-16 11:15:22,123 INFO {'fc_fire': False, 'fc_pulse': 1, 'fc_pdelay': 5000, 'fc_soft_armed': True, 'fc_redlines_armed': False, 'fc_state': 1}
2025-01-16 11:15:22,123 INFO {'fc_fire': False, 'fc_pulse': 1, 'fc_pdelay': 5000, 'fc_soft_armed': True, 'fc_redlines_armed': False, 'fc_state': 1}
2025-01-16 11:15:22,123 INFO {'fc_fire': False, 'fc_pulse': 1, 'fc_pdelay': 5000, 'fc_soft_armed': True, 'fc_redlines_armed': False, 'fc_state': 1}
2025-01-16 11:15:22,123 INFO {'fc_fire': False, 'fc_pulse': 1, 'fc_pdelay': 5000, 'fc_soft_armed': True, 'fc_redlines_armed': False, 'fc_state': 1}
2025-01-16 11:15:22,123 INFO {'fc_fire': False, 'fc_pulse': 1, 'fc_pdelay': 5000, 'fc_soft_armed': True, 'fc_redlines_armed': False, 'fc_state': 1}
2025-01-16 11:15:22,123 INFO {'fc_fire': False, 'fc_pulse': 1, 'fc_pdelay': 5000, 'fc_soft_armed': True, 'fc_redlines_armed': False, 'fc_state': 1}
2025-01-16 11:15:22,129 INFO {'fc_fire': False, 'fc_pulse': 1, 'fc_pdelay': 5000, 'fc_soft_armed': False, 'fc_redlines_armed': True, 'fc_state': 1}
2025-01-16 11:15:22,129 INFO {'fc_fire': False, 'fc_pulse': 1, 'fc_pdelay': 5000, 'fc_soft_armed': False, 'fc_redlines_armed': True, 'fc_state': 1}
2025-01-16 11:15:22,129 INFO {'fc_fire': False, 'fc_pulse': 1, 'fc_pdelay': 5000, 'fc_soft_armed': False, 'fc_redlines_armed': True, 'fc_state': 1}
2025-01-16 11:15:22,129 INFO {'fc_fire': False, 'fc_pulse': 1, 'fc_pdelay': 5000, 'fc_soft_armed': False, 'fc_redlines_armed': True, 'fc_state': 1}
2025-01-16 11:15:22,129 INFO {'fc_fire': False, 'fc_pulse': 1, 'fc_pdelay': 5000, 'fc_soft_armed': False, 'fc_redlines_armed': True, 'fc_state': 1}
2025-01-16 11:15:22,129 INFO {'fc_fire': False, 'fc_pulse': 1, 'fc_pdelay': 5000, 'fc_soft_armed': False, 'fc_redlines_armed': True, 'fc_state': 1}
2025-01-16 11:15:22,129 INFO {'fc_fire': False, 'fc_pulse': 1, 'fc_pdelay': 5000, 'fc_soft_armed': False, 'fc_redlines_armed': True, 'fc_state': 1}
2025-01-16 11:15:22,135 INFO {'fc_fire': False, 'fc_pulse': 1, 'fc_pdelay': 5000, 'fc_soft_armed': False, 'fc_redlines_armed': False, 'fc_state': 1}
2025-01-16 11:15:22,135 INFO {'fc_fire': False, 'fc_pulse': 1, 'fc_pdelay': 5000, 'fc_soft_armed': False, 'fc_redlines_armed': False, 'fc_state': 1}
2025-01-16 11:15:22,135 INFO {'fc_fire': False, 'fc_pulse': 1, 'fc_pdelay': 5000, 'fc_soft_armed': False, 'fc_redlines_armed': False, 'fc_state': 1}
2025-01-16 11:15:22,135 INFO {'fc_fire': False, 'fc_pulse': 1, 'fc_pdelay': 5000, 'fc_soft_armed': False, 'fc_redlines_armed': False, 'fc_state': 1}
2025-01-16 11:15:22,135 INFO {'fc_fire': False, 'fc_pulse': 1, 'fc_pdelay': 5000, 'fc_soft_armed': False, 'fc_redlines_armed': False, 'fc_state': 1}
2025-01-16 11:15:22,135 INFO {'fc_fire': False, 'fc_pulse': 1, 'fc_pdelay': 5000, 'fc_soft_armed': False, 'fc_redlines_armed': False, 'fc_state': 1}
2025-01-16 11:15:22,135 INFO {'fc_fire': False, 'fc_pulse': 1, 'fc_pdelay': 5000, 'fc_soft_armed': False, 'fc_redlines_armed': False, 'fc_state': 1}
2025-01-16 11:15:22,135 INFO {'fc_fire': False, 'fc_pulse': 1, 'fc_pdelay': 5000, 'fc_soft_armed': False, 'fc_redlines_armed': False, 'fc_state': 1}
2025-01-16 11:15:22,142 INFO {'fc_fire': True, 'fc_pulse': -1, 'fc_pdelay': 5, 'fc_soft_armed': False, 'fc_redlines_armed': False, 'fc_state': 1}
2025-01-16 11:15:22,142 INFO {'fc_fire': True, 'fc_pulse': -1, 'fc_pdelay': 5, 'fc_soft_armed': False, 'fc_redlines_armed': False, 'fc_state': 1}
2025-01-16 11:15:22,142 INFO {'fc_fire': True, 'fc_pulse': -1, 'fc_pdelay': 5, 'fc_soft_armed': False, 'fc_redlines_armed': False, 'fc_state': 1}
2025-01-16 11:15:22,142 INFO {'fc_fire': True, 'fc_pulse': -1, 'fc_pdelay': 5, 'fc_soft_armed': False, 'fc_redlines_armed': False, 'fc_state': 1}
2025-01-16 11:15:22,142 INFO {'fc_fire': True, 'fc_pulse': -1, 'fc_pdelay': 5, 'fc_soft_armed': False, 'fc_redlines_armed': False, 'fc_state': 1}
2025-01-16 11:15:22,142 INFO {'fc_fire': True, 'fc_pulse': -1, 'fc_pdelay': 5, 'fc_soft_armed': False, 'fc_redlines_armed': False, 'fc_state': 1}
2025-01-16 11:15:22,142 INFO {'fc_fire': True, 'fc_pulse': -1, 'fc_pdelay': 5, 'fc_soft_armed': False, 'fc_redlines_armed': False, 'fc_state': 1}
2025-01-16 11:15:22,142 INFO {'fc_fire': True, 'fc_pulse': -1, 'fc_pdelay': 5, 'fc_soft_armed': False, 'fc_redlines_armed': False, 'fc_state': 1}
2025-01-16 11:15:22,142 INFO {'fc_fire': True, 'fc_pulse': -1, 'fc_pdelay': 5, 'fc_soft_armed': False, 'fc_redlines_armed': False, 'fc_state': 1}
2025-01-16 11:15:22,150 INFO {'fc_fire': True, 'fc_pulse': -1, 'fc_pdelay': 5, 'fc_soft_armed': False, 'fc_redlines_armed': False, 'fc_state': 1}
2025-01-16 11:15:22,150 INFO {'fc_fire': True, 'fc_pulse': -1, 'fc_pdelay': 5, 'fc_soft_armed': False, 'fc_redlines_armed': False, 'fc_state': 1}
2025-01-16 11:15:22,150 INFO {'fc_fire': True, 'fc_pulse': -1, 'fc_pdelay': 5, 'fc_soft_armed': False, 'fc_redlines_armed': False, 'fc_state': 1}
2025-01-16 11:15:22,150 INFO {'fc_fire': True, 'fc_pulse': -1, 'fc_pdelay': 5, 'fc_soft_armed': False, 'fc_redlines_armed': False, 'fc_state': 1}
2025-01-16 11:15:22,150 INFO {'fc_fire': True, 'fc_pulse': -1, 'fc_pdelay': 5, 'fc_soft_armed': False, 'fc_redlines_armed': False, 'fc_state': 1}
2025-01-16 11:15:22,150 INFO {'fc_fire': True, 'fc_pulse': -1, 'fc_pdelay': 5, 'fc_soft_armed': False, 'fc_redlines_armed': False, 'fc_state': 1}
2025-01-16 11:15:22,150 INFO {'fc_fire': True, 'fc_pulse': -1, 'fc_pdelay': 5, 'fc_soft_armed': False, 'fc_redlines_armed': False, 'fc_state': 1}
2025-01-16 11:15:22,150 INFO {'fc_fire': True, 'fc_pulse': -1, 'fc_pdelay': 5, 'fc_soft_armed': False, 'fc_redlines_armed': False, 'fc_state': 1}
2025-01-16 11:15:22,150 INFO {'fc_fire': True, 'fc_pulse': -1, 'fc_pdelay': 5, 'fc_soft_armed': False, 'fc_redlines_armed': False, 'fc_state': 1}
2025-01-16 11:15:22,150 INFO {'fc_fire': True, 'fc_pulse': -1, 'fc_pdelay': 5, 'fc_soft_armed': False, 'fc_redlines_armed': False, 'fc_state': 1}
2025-01-16 11:15:22,157 INFO {'fc_fire': False, 'fc_pulse': 1, 'fc_pdelay': 5000, 'fc_soft_armed': False, 'fc_redlines_armed': False, 'fc_state': 1}
2025-01-16 11:15:22,157 INFO {'fc_fire': False, 'fc_pulse': 1, 'fc_pdelay': 5000, 'fc_soft_armed': False, 'fc_redlines_armed': False, 'fc_state': 1}
2025-01-16 11:15:22,157 INFO {'fc_fire': False, 'fc_pulse': 1, 'fc_pdelay': 5000, 'fc_soft_armed': False, 'fc_redlines_armed': False, 'fc_state': 1}
2025-01-16 11:15:22,157 INFO {'fc_fire': False, 'fc_pulse': 1, 'fc_pdelay': 5000, 'fc_soft_armed': False, 'fc_redlines_armed': False, 'fc_state': 1}
2025-01-16 11:15:22,157 INFO {'fc_fire': False, 'fc_pulse': 1, 'fc_pdelay': 5000, 'fc_soft_armed': False, 'fc_redlines_armed': False, 'fc_state': 1}
2025-01-16 11:15:22,157 INFO {'fc_fire': False, 'fc_pulse': 1, 'fc_pdelay': 5000, 'fc_soft_armed': False, 'fc_redlines_armed': False, 'fc_state': 1}
2025-01-16 11:15:22,157 INFO {'fc_fire': False, 'fc_pulse': 1, 'fc_pdelay': 5000, 'fc_soft_armed': False, 'fc_redlines_armed': False, 'fc_state': 1}
2025-01-16 11:15:22,157 INFO {'fc_fire': False, 'fc_pulse': 1, 'fc_pdelay': 5000, 'fc_soft_armed': False, 'fc_redlines_armed': False, 'fc_state': 1}
2025-01-16 11:15:22,157 INFO {'fc_fire': False, 'fc_pulse': 1, 'fc_pdelay': 5000, 'fc_soft_armed': False, 'fc_redlines_armed': False, 'fc_state': 1}
2025-01-16 11:15:22,157 INFO {'fc_fire': False, 'fc_pulse': 1, 'fc_pdelay': 5000, 'fc_soft_armed': False, 'fc_redlines_armed': False, 'fc_state': 1}
2025-01-16 11:15:22,157 INFO {'fc_fire': False, 'fc_pulse': 1, 'fc_pdelay': 5000, 'fc_soft_armed': False, 'fc_redlines_armed': False, 'fc_state': 1}
2025-01-16 11:15:22,162 INFO {'fc_fire': False, 'fc_pulse': 1, 'fc_pdelay': 5000, 'fc_soft_armed': False, 'fc_redlines_armed': False, 'fc_state': 1}
2025-01-16 11:15:22,162 INFO {'fc_fire': False, 'fc_pulse': 1, 'fc_pdelay': 5000, 'fc_soft_armed': False, 'fc_redlines_armed': False, 'fc_state': 1}
2025-01-16 11:15:22,162 INFO {'fc_fire': False, 'fc_pulse': 1, 'fc_pdelay': 5000, 'fc_soft_armed': False, 'fc_redlines_armed': False, 'fc_state': 1}
2025-01-16 11:15:22,162 INFO {'fc_fire': False, 'fc_pulse': 1, 'fc_pdelay': 5000, 'fc_soft_armed': False, 'fc_redlines_armed': False, 'fc_state': 1}
2025-01-16 11:15:22,162 INFO {'fc_fire': False, 'fc_pulse': 1, 'fc_pdelay': 5000, 'fc_soft_armed': False, 'fc_redlines_armed': False, 'fc_state': 1}
2025-01-16 11:15:22,162 INFO {'fc_fire': False, 'fc_pulse': 1, 'fc_pdelay': 5000, 'fc_soft_armed': False, 'fc_redlines_armed': False, 'fc_state': 1}
2025-01-16 11:15:22,162 INFO {'fc_fire': False, 'fc_pulse': 1, 'fc_pdelay': 5000, 'fc_soft_armed': False, 'fc_redlines_armed': False, 'fc_state': 1}
2025-01-16 11:15:22,162 INFO {'fc_fire': False, 'fc_pulse': 1, 'fc_pdelay': 5000, 'fc_soft_armed': False, 'fc_redlines_armed': False, 'fc_state': 1}
2025-01-16 11:15:22,162 INFO {'fc_fire': False, 'fc_pulse': 1, 'fc_pdelay': 5000, 'fc_soft_armed': False, 'fc_redlines_armed': False, 'fc_state': 1}
2025-01-16 11:15:22,162 INFO {'fc_fire': False, 'fc_pulse': 1, 'fc_pdelay': 5000, 'fc_soft_armed': False, 'fc_redlines_armed': False, 'fc_state': 1}
2025-01-16 11:15:22,162 INFO {'fc_fire': False, 'fc_pulse': 1, 'fc_pdelay': 5000, 'fc_soft_armed': False, 'fc_redlines_armed': False, 'fc_state': 1}
2025-01-16 11:15:22,162 INFO {'fc_fire': False, 'fc_pulse': 1, 'fc_pdelay': 5000, 'fc_soft_armed': False, 'fc_redlines_armed': False, 'fc_state': 1}
2025-01-16 11:15:52,971 ERROR Bad network state detected
2025-01-16 11:15:52,971 ERROR Bad network state detected
2025-01-16 11:15:52,971 ERROR Bad network state detected
2025-01-16 11:15:52,973 ERROR Bad network state detected
2025-01-16 11:15:52,973 ERROR Bad network state detected
2025-01-16 11:15:52,973 ERROR Bad network state detected
2025-01-16 11:15:52,973 ERROR Bad network state detected
2025-01-16 11:15:52,976 INFO {'fc_fire': False, 'fc_pulse': 1, 'fc_pdelay': 5000, 'fc_soft_armed': True, 'fc_redlines_armed': False, 'fc_state': 1}
2025-01-16 11:15:52,976 INFO {'fc_fire': False, 'fc_pulse': 1, 'fc_pdelay': 5000, 'fc_soft_armed': True, 'fc_redlines_armed': False, 'fc_state': 1}
2025-01-16 11:15:52,976 INFO {'fc_fire': False, 'fc_pulse': 1, 'fc_pdelay': 5000, 'fc_soft_armed': True, 'fc_redlines_armed': False, 'fc_state': 1}
2025-01-16 11:15:52,976 INFO {'fc_fire': False, 'fc_pulse': 1, 'fc_pdelay': 5000, 'fc_soft_armed': True, 'fc_redlines_armed': False, 'fc_state': 1}
2025-01-16 11:15:52,976 INFO {'fc_fire': False, 'fc_pulse': 1, 'fc_pdelay': 5000, 'fc_soft_armed': True, 'fc_redlines_armed': False, 'fc_state': 1}
2025-01-16 11:15:52,976 INFO {'fc_fire': False, 'fc_pulse': 1, 'fc_pdelay': 5000, 'fc_soft_armed': True, 'fc_redlines_armed': False, 'fc_state': 1}
2025-01-16 11:15:52,982 INFO {'fc_fire': False, 'fc_pulse': 1, 'fc_pdelay': 5000, 'fc_soft_armed': False, 'fc_redlines_armed': True, 'fc_state': 1}
2025-01-16 11:15:52,982 INFO {'fc_fire': False, 'fc_pulse': 1, 'fc_pdelay': 5000, 'fc_soft_armed': False, 'fc_redlines_armed': True, 'fc_state': 1}
2025-01-16 11:15:52,982 INFO {'fc_fire': False, 'fc_pulse': 1, 'fc_pdelay': 5000, 'fc_soft_armed': False, 'fc_redlines_armed': True, 'fc_state': 1}
2025-01-16 11:15:52,982 INFO {'fc_fire': False, 'fc_pulse': 1, 'fc_pdelay': 5000, 'fc_soft_armed': False, 'fc_redlines_armed': True, 'fc_state': 1}
2025-01-16 11:15:52,982 INFO {'fc_fire': False, 'fc_pulse': 1, 'fc_pdelay': 5000, 'fc_soft_armed': False, 'fc_redlines_armed': True, 'fc_state': 1}
2025-01-16 11:15:52,982 INFO {'fc_fire': False, 'fc_pulse': 1, 'fc_pdelay': 5000, 'fc_soft_armed': False, 'fc_redlines_armed': True, 'fc_state': 1}
2025-01-16 11:15:52,982 INFO {'fc_fire': False, 'fc_pulse': 1, 'fc_pdelay': 5000, 'fc_soft_armed': False, 'fc_redlines_armed': True, 'fc_state': 1}
2025-01-16 11:15:52,985 INFO {'fc_fire': False, 'fc_pulse': 1, 'fc_pdelay': 5000, 'fc_soft_armed': False, 'fc_redlines_armed': False, 'fc_state': 1}
2025-01-16 11:15:52,985 INFO {'fc_fire': False, 'fc_pulse': 1, 'fc_pdelay': 5000, 'fc_soft_armed': False, 'fc_redlines_armed': False, 'fc_state': 1}
2025-01-16 11:15:52,985 INFO {'fc_fire': False, 'fc_pulse': 1, 'fc_pdelay': 5000, 'fc_soft_armed': False, 'fc_redlines_armed': False, 'fc_state': 1}
2025-01-16 11:15:52,985 INFO {'fc_fire': False, 'fc_pulse': 1, 'fc_pdelay': 5000, 'fc_soft_armed': False, 'fc_redlines_armed': False, 'fc_state': 1}
2025-01-16 11:15:52,985 INFO {'fc_fire': False, 'fc_pulse': 1, 'fc_pdelay': 5000, 'fc_soft_armed': False, 'fc_redlines_armed': False, 'fc_state': 1}
2025-01-16 11:15:52,985 INFO {'fc_fire': False, 'fc_pulse': 1, 'fc_pdelay': 5000, 'fc_soft_armed': False, 'fc_redlines_armed': False, 'fc_state': 1}
2025-01-16 11:15:52,985 INFO {'fc_fire': False, 'fc_pulse': 1, 'fc_pdelay': 5000, 'fc_soft_armed': False, 'fc_redlines_armed': False, 'fc_state': 1}
2025-01-16 11:15:52,985 INFO {'fc_fire': False, 'fc_pulse': 1, 'fc_pdelay': 5000, 'fc_soft_armed': False, 'fc_redlines_armed': False, 'fc_state': 1}
2025-01-16 11:15:52,987 INFO {'fc_fire': True, 'fc_pulse': -1, 'fc_pdelay': 5, 'fc_soft_armed': False, 'fc_redlines_armed': False, 'fc_state': 1}
2025-01-16 11:15:52,987 INFO {'fc_fire': True, 'fc_pulse': -1, 'fc_pdelay': 5, 'fc_soft_armed': False, 'fc_redlines_armed': False, 'fc_state': 1}
2025-01-16 11:15:52,987 INFO {'fc_fire': True, 'fc_pulse': -1, 'fc_pdelay': 5, 'fc_soft_armed': False, 'fc_redlines_armed': False, 'fc_state': 1}
2025-01-16 11:15:52,987 INFO {'fc_fire': True, 'fc_pulse': -1, 'fc_pdelay': 5, 'fc_soft_armed': False, 'fc_redlines_armed': False, 'fc_state': 1}
2025-01-16 11:15:52,987 INFO {'fc_fire': True, 'fc_pulse': -1, 'fc_pdelay': 5, 'fc_soft_armed': False, 'fc_redlines_armed': False, 'fc_state': 1}
2025-01-16 11:15:52,987 INFO {'fc_fire': True, 'fc_pulse': -1, 'fc_pdelay': 5, 'fc_soft_armed': False, 'fc_redlines_armed': False, 'fc_state': 1}
2025-01-16 11:15:52,987 INFO {'fc_fire': True, 'fc_pulse': -1, 'fc_pdelay': 5, 'fc_soft_armed': False, 'fc_redlines_armed': False, 'fc_state': 1}
2025-01-16 11:15:52,987 INFO {'fc_fire': True, 'fc_pulse': -1, 'fc_pdelay': 5, 'fc_soft_armed': False, 'fc_redlines_armed': False, 'fc_state': 1}
2025-01-16 11:15:52,987 INFO {'fc_fire': True, 'fc_pulse': -1, 'fc_pdelay': 5, 'fc_soft_armed': False, 'fc_redlines_armed': False, 'fc_state': 1}
2025-01-16 11:15:52,991 INFO {'fc_fire': True, 'fc_pulse': -1, 'fc_pdelay': 5, 'fc_soft_armed': False, 'fc_redlines_armed': False, 'fc_state': 1}
2025-01-16 11:15:52,991 INFO {'fc_fire': True, 'fc_pulse': -1, 'fc_pdelay': 5, 'fc_soft_armed': False, 'fc_redlines_armed': False, 'fc_state': 1}
2025-01-16 11:15:52,991 INFO {'fc_fire': True, 'fc_pulse': -1, 'fc_pdelay': 5, 'fc_soft_armed': False, 'fc_redlines_armed': False, 'fc_state': 1}
2025-01-16 11:15:52,991 INFO {'fc_fire': True, 'fc_pulse': -1, 'fc_pdelay': 5, 'fc_soft_armed': False, 'fc_redlines_armed': False, 'fc_state': 1}
2025-01-16 11:15:52,991 INFO {'fc_fire': True, 'fc_pulse': -1, 'fc_pdelay': 5, 'fc_soft_armed': False, 'fc_redlines_armed': False, 'fc_state': 1}
2025-01-16 11:15:52,991 INFO {'fc_fire': True, 'fc_pulse': -1, 'fc_pdelay': 5, 'fc_soft_armed': False, 'fc_redlines_armed': False, 'fc_state': 1}
2025-01-16 11:15:52,991 INFO {'fc_fire': True, 'fc_pulse': -1, 'fc_pdelay': 5, 'fc_soft_armed': False, 'fc_redlines_armed': False, 'fc_state': 1}
2025-01-16 11:15:52,991 INFO {'fc_fire': True, 'fc_pulse': -1, 'fc_pdelay': 5, 'fc_soft_armed': False, 'fc_redlines_armed': False, 'fc_state': 1}
2025-01-16 11:15:52,991 INFO {'fc_fire': True, 'fc_pulse': -1, 'fc_pdelay': 5, 'fc_soft_armed': False, 'fc_redlines_armed': False, 'fc_state': 1}
2025-01-16 11:15:52,991 INFO {'fc_fire': True, 'fc_pulse': -1, 'fc_pdelay': 5, 'fc_soft_armed': False, 'fc_redlines_armed': False, 'fc_state': 1}
2025-01-16 11:15:52,994 INFO {'fc_fire': False, 'fc_pulse': 1, 'fc_pdelay': 5000, 'fc_soft_armed': False, 'fc_redlines_armed': False, 'fc_state': 1}
2025-01-16 11:15:52,994 INFO {'fc_fire': False, 'fc_pulse': 1, 'fc_pdelay': 5000, 'fc_soft_armed': False, 'fc_redlines_armed': False, 'fc_state': 1}
2025-01-16 11:15:52,994 INFO {'fc_fire': False, 'fc_pulse': 1, 'fc_pdelay': 5000, 'fc_soft_armed': False, 'fc_redlines_armed': False, 'fc_state': 1}
2025-01-16 11:15:52,994 INFO {'fc_fire': False, 'fc_pulse': 1, 'fc_pdelay': 5000, 'fc_soft_armed': False, 'fc_redlines_armed': False, 'fc_state': 1}
2025-01-16 11:15:52,994 INFO {'fc_fire': False, 'fc_pulse': 1, 'fc_pdelay': 5000, 'fc_soft_armed': False, 'fc_redlines_armed': False, 'fc_state': 1}
2025-01-16 11:15:52,994 INFO {'fc_fire': False, 'fc_pulse': 1, 'fc_pdelay': 5000, 'fc_soft_armed': False, 'fc_redlines_armed': False, 'fc_state': 1}
2025-01-16 11:15:52,994 INFO {'fc_fire': False, 'fc_pulse': 1, 'fc_pdelay': 5000, 'fc_soft_armed': False, 'fc_redlines_armed': False, 'fc_state': 1}
2025-01-16 11:15:52,994 INFO {'fc_fire': False, 'fc_pulse': 1, 'fc_pdelay': 5000, 'fc_soft_armed': False, 'fc_redlines_armed': False, 'fc_state': 1}
2025-01-16 11:15:52,994 INFO {'fc_fire': False, 'fc_pulse': 1, 'fc_pdelay': 5000, 'fc_soft_armed': False, 'fc_redlines_armed': False, 'fc_state': 1}
2025-01-16 11:15:52,994 INFO {'fc_fire': False, 'fc_pulse': 1, 'fc_pdelay': 5000, 'fc_soft_armed': False, 'fc_redlines_armed': False, 'fc_state': 1}
2025-01-16 11:15:52,994 INFO {'fc_fire': False, 'fc_pulse': 1, 'fc_pdelay': 5000, 'fc_soft_armed': False, 'fc_redlines_armed': False, 'fc_state': 1}
2025-01-16 11:15:52,996 INFO {'fc_fire': False, 'fc_pulse': 1, 'fc_pdelay': 5000, 'fc_soft_armed': False, 'fc_redlines_armed': False, 'fc_state': 1}
2025-01-16 11:15:52,996 INFO {'fc_fire': False, 'fc_pulse': 1, 'fc_pdelay': 5000, 'fc_soft_armed': False, 'fc_redlines_armed': False, 'fc_state': 1}
2025-01-16 11:15:52,996 INFO {'fc_fire': False, 'fc_pulse': 1, 'fc_pdelay': 5000, 'fc_soft_armed': False, 'fc_redlines_armed': False, 'fc_state': 1}
2025-01-16 11:15:52,996 INFO {'fc_fire': False, 'fc_pulse': 1, 'fc_pdelay': 5000, 'fc_soft_armed': False, 'fc_redlines_armed': False, 'fc_state': 1}
2025-01-16 11:15:52,996 INFO {'fc_fire': False, 'fc_pulse': 1, 'fc_pdelay': 5000, 'fc_soft_armed': False, 'fc_redlines_armed': False, 'fc_state': 1}
2025-01-16 11:15:52,996 INFO {'fc_fire': False, 'fc_pulse': 1, 'fc_pdelay': 5000, 'fc_soft_armed': False, 'fc_redlines_armed': False, 'fc_state': 1}
2025-01-16 11:15:52,996 INFO {'fc_fire': False, 'fc_pulse': 1, 'fc_pdelay': 5000, 'fc_soft_armed': False, 'fc_redlines_armed': False, 'fc_state': 1}
2025-01-16 11:15:52,996 INFO {'fc_fire': False, 'fc_pulse': 1, 'fc_pdelay': 5000, 'fc_soft_armed': False, 'fc_redlines_armed': False, 'fc_state': 1}
2025-01-16 11:15:52,996 INFO {'fc_fire': False, 'fc_pulse': 1, 'fc_pdelay': 5000, 'fc_soft_armed': False, 'fc_redlines_armed': False, 'fc_state': 1}
2025-01-16 11:15:52,996 INFO {'fc_fire': False, 'fc_pulse': 1, 'fc_pdelay': 5000, 'fc_soft_armed': False, 'fc_redlines_armed': False, 'fc_state': 1}
2025-01-16 11:15:52,996 INFO {'fc_fire': False, 'fc_pulse': 1, 'fc_pdelay': 5000, 'fc_soft_armed': False, 'fc_redlines_armed': False, 'fc_state': 1}
2025-01-16 11:15:52,996 INFO {'fc_fire': False, 'fc_pulse': 1, 'fc_pdelay': 5000, 'fc_soft_armed': False, 'fc_redlines_armed': False, 'fc_state': 1}
2025-01-16 11:16:41,883 ERROR Bad network state detected
2025-01-16 11:16:41,883 ERROR Bad network state detected
2025-01-16 11:16:41,883 ERROR Bad network state detected
2025-01-16 11:16:41,885 ERROR Bad network state detected
2025-01-16 11:16:41,885 ERROR Bad network state detected
2025-01-16 11:16:41,885 ERROR Bad network state detected
2025-01-16 11:16:41,885 ERROR Bad network state detected
2025-01-16 11:16:41,888 INFO {'fc_fire': False, 'fc_pulse': 1, 'fc_pdelay': 5000, 'fc_soft_armed': True, 'fc_redlines_armed': False, 'fc_state': 1}
2025-01-16 11:16:41,888 INFO {'fc_fire': False, 'fc_pulse': 1, 'fc_pdelay': 5000, 'fc_soft_armed': True, 'fc_redlines_armed': False, 'fc_state': 1}
2025-01-16 11:16:41,888 INFO {'fc_fire': False, 'fc_pulse': 1, 'fc_pdelay': 5000, 'fc_soft_armed': True, 'fc_redlines_armed': False, 'fc_state': 1}
2025-01-16 11:16:41,888 INFO {'fc_fire': False, 'fc_pulse': 1, 'fc_pdelay': 5000, 'fc_soft_armed': True, 'fc_redlines_armed': False, 'fc_state': 1}
2025-01-16 11:16:41,888 INFO {'fc_fire': False, 'fc_pulse': 1, 'fc_pdelay': 5000, 'fc_soft_armed': True, 'fc_redlines_armed': False, 'fc_state': 1}
2025-01-16 11:16:41,888 INFO {'fc_fire': False, 'fc_pulse': 1, 'fc_pdelay': 5000, 'fc_soft_armed': True, 'fc_redlines_armed': False, 'fc_state': 1}
2025-01-16 11:16:41,892 INFO {'fc_fire': False, 'fc_pulse': 1, 'fc_pdelay': 5000, 'fc_soft_armed': False, 'fc_redlines_armed': True, 'fc_state': 1}
2025-01-16 11:16:41,892 INFO {'fc_fire': False, 'fc_pulse': 1, 'fc_pdelay': 5000, 'fc_soft_armed': False, 'fc_redlines_armed': True, 'fc_state': 1}
2025-01-16 11:16:41,892 INFO {'fc_fire': False, 'fc_pulse': 1, 'fc_pdelay': 5000, 'fc_soft_armed': False, 'fc_redlines_armed': True, 'fc_state': 1}
2025-01-16 11:16:41,892 INFO {'fc_fire': False, 'fc_pulse': 1, 'fc_pdelay': 5000, 'fc_soft_armed': False, 'fc_redlines_armed': True, 'fc_state': 1}
2025-01-16 11:16:41,892 INFO {'fc_fire': False, 'fc_pulse': 1, 'fc_pdelay': 5000, 'fc_soft_armed': False, 'fc_redlines_armed': True, 'fc_state': 1}
2025-01-16 11:16:41,892 INFO {'fc_fire': False, 'fc_pulse': 1, 'fc_pdelay': 5000, 'fc_soft_armed': False, 'fc_redlines_armed': True, 'fc_state': 1}
2025-01-16 11:16:41,892 INFO {'fc_fire': False, 'fc_pulse': 1, 'fc_pdelay': 5000, 'fc_soft_armed': False, 'fc_redlines_armed': True, 'fc_state': 1}
2025-01-16 11:16:41,895 INFO {'fc_fire': False, 'fc_pulse': 1, 'fc_pdelay': 5000, 'fc_soft_armed': False, 'fc_redlines_armed': False, 'fc_state': 1}
2025-01-16 11:16:41,895 INFO {'fc_fire': False, 'fc_pulse': 1, 'fc_pdelay': 5000, 'fc_soft_armed': False, 'fc_redlines_armed': False, 'fc_state': 1}
2025-01-16 11:16:41,895 INFO {'fc_fire': False, 'fc_pulse': 1, 'fc_pdelay': 5000, 'fc_soft_armed': False, 'fc_redlines_armed': False, 'fc_state': 1}
2025-01-16 11:16:41,895 INFO {'fc_fire': False, 'fc_pulse': 1, 'fc_pdelay': 5000, 'fc_soft_armed': False, 'fc_redlines_armed': False, 'fc_state': 1}
2025-01-16 11:16:41,895 INFO {'fc_fire': False, 'fc_pulse': 1, 'fc_pdelay': 5000, 'fc_soft_armed': False, 'fc_redlines_armed': False, 'fc_state': 1}
2025-01-16 11:16:41,895 INFO {'fc_fire': False, 'fc_pulse': 1, 'fc_pdelay': 5000, 'fc_soft_armed': False, 'fc_redlines_armed': False, 'fc_state': 1}
2025-01-16 11:16:41,895 INFO {'fc_fire': False, 'fc_pulse': 1, 'fc_pdelay': 5000, 'fc_soft_armed': False, 'fc_redlines_armed': False, 'fc_state': 1}
2025-01-16 11:16:41,895 INFO {'fc_fire': False, 'fc_pulse': 1, 'fc_pdelay': 5000, 'fc_soft_armed': False, 'fc_redlines_armed': False, 'fc_state': 1}
2025-01-16 11:16:41,899 INFO {'fc_fire': True, 'fc_pulse': -1, 'fc_pdelay': 5, 'fc_soft_armed': False, 'fc_redlines_armed': False, 'fc_state': 1}
2025-01-16 11:16:41,899 INFO {'fc_fire': True, 'fc_pulse': -1, 'fc_pdelay': 5, 'fc_soft_armed': False, 'fc_redlines_armed': False, 'fc_state': 1}
2025-01-16 11:16:41,899 INFO {'fc_fire': True, 'fc_pulse': -1, 'fc_pdelay': 5, 'fc_soft_armed': False, 'fc_redlines_armed': False, 'fc_state': 1}
2025-01-16 11:16:41,899 INFO {'fc_fire': True, 'fc_pulse': -1, 'fc_pdelay': 5, 'fc_soft_armed': False, 'fc_redlines_armed': False, 'fc_state': 1}
2025-01-16 11:16:41,899 INFO {'fc_fire': True, 'fc_pulse': -1, 'fc_pdelay': 5, 'fc_soft_armed': False, 'fc_redlines_armed': False, 'fc_state': 1}
2025-01-16 11:16:41,899 INFO {'fc_fire': True, 'fc_pulse': -1, 'fc_pdelay': 5, 'fc_soft_armed': False, 'fc_redlines_armed': False, 'fc_state': 1}
2025-01-16 11:16:41,899 INFO {'fc_fire': True, 'fc_pulse': -1, 'fc_pdelay': 5, 'fc_soft_armed': False, 'fc_redlines_armed': False, 'fc_state': 1}
2025-01-16 11:16:41,899 INFO {'fc_fire': True, 'fc_pulse': -1, 'fc_pdelay': 5, 'fc_soft_armed': False, 'fc_redlines_armed': False, 'fc_state': 1}
2025-01-16 11:16:41,899 INFO {'fc_fire': True, 'fc_pulse': -1, 'fc_pdelay': 5, 'fc_soft_armed': False, 'fc_redlines_armed': False, 'fc_state': 1}
2025-01-16 11:16:41,901 INFO {'fc_fire': True, 'fc_pulse': -1, 'fc_pdelay': 5, 'fc_soft_armed': False, 'fc_redlines_armed': False, 'fc_state': 1}
2025-01-16 11:16:41,901 INFO {'fc_fire': True, 'fc_pulse': -1, 'fc_pdelay': 5, 'fc_soft_armed': False, 'fc_redlines_armed': False, 'fc_state': 1}
2025-01-16 11:16:41,901 INFO {'fc_fire': True, 'fc_pulse': -1, 'fc_pdelay': 5, 'fc_soft_armed': False, 'fc_redlines_armed': False, 'fc_state': 1}
2025-01-16 11:16:41,901 INFO {'fc_fire': True, 'fc_pulse': -1, 'fc_pdelay': 5, 'fc_soft_armed': False, 'fc_redlines_armed': False, 'fc_state': 1}
2025-01-16 11:16:41,901 INFO {'fc_fire': True, 'fc_pulse': -1, 'fc_pdelay': 5, 'fc_soft_armed': False, 'fc_redlines_armed': False, 'fc_state': 1}
2025-01-16 11:16:41,901 INFO {'fc_fire': True, 'fc_pulse': -1, 'fc_pdelay': 5, 'fc_soft_armed': False, 'fc_redlines_armed': False, 'fc_state': 1}
2025-01-16 11:16:41,901 INFO {'fc_fire': True, 'fc_pulse': -1, 'fc_pdelay': 5, 'fc_soft_armed': False, 'fc_redlines_armed': False, 'fc_state': 1}
2025-01-16 11:16:41,901 INFO {'fc_fire': True, 'fc_pulse': -1, 'fc_pdelay': 5, 'fc_soft_armed': False, 'fc_redlines_armed': False, 'fc_state': 1}
2025-01-16 11:16:41,901 INFO {'fc_fire': True, 'fc_pulse': -1, 'fc_pdelay': 5, 'fc_soft_armed': False, 'fc_redlines_armed': False, 'fc_state': 1}
2025-01-16 11:16:41,901 INFO {'fc_fire': True, 'fc_pulse': -1, 'fc_pdelay': 5, 'fc_soft_armed': False, 'fc_redlines_armed': False, 'fc_state': 1}
2025-01-16 11:16:41,903 INFO {'fc_fire': False, 'fc_pulse': 1, 'fc_pdelay': 5000, 'fc_soft_armed': False, 'fc_redlines_armed': False, 'fc_state': 1}
2025-01-16 11:16:41,903 INFO {'fc_fire': False, 'fc_pulse': 1, 'fc_pdelay': 5000, 'fc_soft_armed': False, 'fc_redlines_armed': False, 'fc_state': 1}
2025-01-16 11:16:41,903 INFO {'fc_fire': False, 'fc_pulse': 1, 'fc_pdelay': 5000, 'fc_soft_armed': False, 'fc_redlines_armed': False, 'fc_state': 1}
2025-01-16 11:16:41,903 INFO {'fc_fire': False, 'fc_pulse': 1, 'fc_pdelay': 5000, 'fc_soft_armed': False, 'fc_redlines_armed': False, 'fc_state': 1}
2025-01-16 11:16:41,903 INFO {'fc_fire': False, 'fc_pulse': 1, 'fc_pdelay': 5000, 'fc_soft_armed': False, 'fc_redlines_armed': False, 'fc_state': 1}
2025-01-16 11:16:41,903 INFO {'fc_fire': False, 'fc_pulse': 1, 'fc_pdelay': 5000, 'fc_soft_armed': False, 'fc_redlines_armed': False, 'fc_state': 1}
2025-01-16 11:16:41,903 INFO {'fc_fire': False, 'fc_pulse': 1, 'fc_pdelay': 5000, 'fc_soft_armed': False, 'fc_redlines_armed': False, 'fc_state': 1}
2025-01-16 11:16:41,903 INFO {'fc_fire': False, 'fc_pulse': 1, 'fc_pdelay': 5000, 'fc_soft_armed': False, 'fc_redlines_armed': False, 'fc_state': 1}
2025-01-16 11:16:41,903 INFO {'fc_fire': False, 'fc_pulse': 1, 'fc_pdelay': 5000, 'fc_soft_armed': False, 'fc_redlines_armed': False, 'fc_state': 1}
2025-01-16 11:16:41,903 INFO {'fc_fire': False, 'fc_pulse': 1, 'fc_pdelay': 5000, 'fc_soft_armed': False, 'fc_redlines_armed': False, 'fc_state': 1}
2025-01-16 11:16:41,903 INFO {'fc_fire': False, 'fc_pulse': 1, 'fc_pdelay': 5000, 'fc_soft_armed': False, 'fc_redlines_armed': False, 'fc_state': 1}
2025-01-16 11:16:41,905 INFO {'fc_fire': False, 'fc_pulse': 1, 'fc_pdelay': 5000, 'fc_soft_armed': False, 'fc_redlines_armed': False, 'fc_state': 1}
2025-01-16 11:16:41,905 INFO {'fc_fire': False, 'fc_pulse': 1, 'fc_pdelay': 5000, 'fc_soft_armed': False, 'fc_redlines_armed': False, 'fc_state': 1}
2025-01-16 11:16:41,905 INFO {'fc_fire': False, 'fc_pulse': 1, 'fc_pdelay': 5000, 'fc_soft_armed': False, 'fc_redlines_armed': False, 'fc_state': 1}
2025-01-16 11:16:41,905 INFO {'fc_fire': False, 'fc_pulse': 1, 'fc_pdelay': 5000, 'fc_soft_armed': False, 'fc_redlines_armed': False, 'fc_state': 1}
2025-01-16 11:16:41,905 INFO {'fc_fire': False, 'fc_pulse': 1, 'fc_pdelay': 5000, 'fc_soft_armed': False, 'fc_redlines_armed': False, 'fc_state': 1}
2025-01-16 11:16:41,905 INFO {'fc_fire': False, 'fc_pulse': 1, 'fc_pdelay': 5000, 'fc_soft_armed': False, 'fc_redlines_armed': False, 'fc_state': 1}
2025-01-16 11:16:41,905 INFO {'fc_fire': False, 'fc_pulse': 1, 'fc_pdelay': 5000, 'fc_soft_armed': False, 'fc_redlines_armed': False, 'fc_state': 1}
2025-01-16 11:16:41,905 INFO {'fc_fire': False, 'fc_pulse': 1, 'fc_pdelay': 5000, 'fc_soft_armed': False, 'fc_redlines_armed': False, 'fc_state': 1}
2025-01-16 11:16:41,905 INFO {'fc_fire': False, 'fc_pulse': 1, 'fc_pdelay': 5000, 'fc_soft_armed': False, 'fc_redlines_armed': False, 'fc_state': 1}
2025-01-16 11:16:41,905 INFO {'fc_fire': False, 'fc_pulse': 1, 'fc_pdelay': 5000, 'fc_soft_armed': False, 'fc_redlines_armed': False, 'fc_state': 1}
2025-01-16 11:16:41,905 INFO {'fc_fire': False, 'fc_pulse': 1, 'fc_pdelay': 5000, 'fc_soft_armed': False, 'fc_redlines_armed': False, 'fc_state': 1}
2025-01-16 11:16:41,905 INFO {'fc_fire': False, 'fc_pulse': 1, 'fc_pdelay': 5000, 'fc_soft_armed': False, 'fc_redlines_armed': False, 'fc_state': 1}
2025-01-24 17:08:53,989 ERROR Bad network state detected
2025-01-24 17:08:53,989 ERROR Bad network state detected
2025-01-24 17:08:53,989 ERROR Bad network state detected
2025-01-24 17:08:53,994 ERROR Bad network state detected
2025-01-24 17:08:53,994 ERROR Bad network state detected
2025-01-24 17:08:53,994 ERROR Bad network state detected
2025-01-24 17:08:53,994 ERROR Bad network state detected
2025-01-24 17:08:53,998 INFO {'fc_fire': False, 'fc_pulse': 1, 'fc_pdelay': 5000, 'fc_soft_armed': True, 'fc_redlines_armed': False, 'fc_state': 1}
2025-01-24 17:08:53,998 INFO {'fc_fire': False, 'fc_pulse': 1, 'fc_pdelay': 5000, 'fc_soft_armed': True, 'fc_redlines_armed': False, 'fc_state': 1}
2025-01-24 17:08:53,998 INFO {'fc_fire': False, 'fc_pulse': 1, 'fc_pdelay': 5000, 'fc_soft_armed': True, 'fc_redlines_armed': False, 'fc_state': 1}
2025-01-24 17:08:53,998 INFO {'fc_fire': False, 'fc_pulse': 1, 'fc_pdelay': 5000, 'fc_soft_armed': True, 'fc_redlines_armed': False, 'fc_state': 1}
2025-01-24 17:08:53,998 INFO {'fc_fire': False, 'fc_pulse': 1, 'fc_pdelay': 5000, 'fc_soft_armed': True, 'fc_redlines_armed': False, 'fc_state': 1}
2025-01-24 17:08:53,998 INFO {'fc_fire': False, 'fc_pulse': 1, 'fc_pdelay': 5000, 'fc_soft_armed': True, 'fc_redlines_armed': False, 'fc_state': 1}
2025-01-24 17:08:54,001 INFO {'fc_fire': False, 'fc_pulse': 1, 'fc_pdelay': 5000, 'fc_soft_armed': False, 'fc_redlines_armed': True, 'fc_state': 1}
2025-01-24 17:08:54,001 INFO {'fc_fire': False, 'fc_pulse': 1, 'fc_pdelay': 5000, 'fc_soft_armed': False, 'fc_redlines_armed': True, 'fc_state': 1}
2025-01-24 17:08:54,001 INFO {'fc_fire': False, 'fc_pulse': 1, 'fc_pdelay': 5000, 'fc_soft_armed': False, 'fc_redlines_armed': True, 'fc_state': 1}
2025-01-24 17:08:54,001 INFO {'fc_fire': False, 'fc_pulse': 1, 'fc_pdelay': 5000, 'fc_soft_armed': False, 'fc_redlines_armed': True, 'fc_state': 1}
2025-01-24 17:08:54,001 INFO {'fc_fire': False, 'fc_pulse': 1, 'fc_pdelay': 5000, 'fc_soft_armed': False, 'fc_redlines_armed': True, 'fc_state': 1}
2025-01-24 17:08:54,001 INFO {'fc_fire': False, 'fc_pulse': 1, 'fc_pdelay': 5000, 'fc_soft_armed': False, 'fc_redlines_armed': True, 'fc_state': 1}
2025-01-24 17:08:54,001 INFO {'fc_fire': False, 'fc_pulse': 1, 'fc_pdelay': 5000, 'fc_soft_armed': False, 'fc_redlines_armed': True, 'fc_state': 1}
2025-01-24 17:08:54,003 INFO {'fc_fire': False, 'fc_pulse': 1, 'fc_pdelay': 5000, 'fc_soft_armed': False, 'fc_redlines_armed': False, 'fc_state': 1}
2025-01-24 17:08:54,003 INFO {'fc_fire': False, 'fc_pulse': 1, 'fc_pdelay': 5000, 'fc_soft_armed': False, 'fc_redlines_armed': False, 'fc_state': 1}
2025-01-24 17:08:54,003 INFO {'fc_fire': False, 'fc_pulse': 1, 'fc_pdelay': 5000, 'fc_soft_armed': False, 'fc_redlines_armed': False, 'fc_state': 1}
2025-01-24 17:08:54,003 INFO {'fc_fire': False, 'fc_pulse': 1, 'fc_pdelay': 5000, 'fc_soft_armed': False, 'fc_redlines_armed': False, 'fc_state': 1}
2025-01-24 17:08:54,003 INFO {'fc_fire': False, 'fc_pulse': 1, 'fc_pdelay': 5000, 'fc_soft_armed': False, 'fc_redlines_armed': False, 'fc_state': 1}
2025-01-24 17:08:54,003 INFO {'fc_fire': False, 'fc_pulse': 1, 'fc_pdelay': 5000, 'fc_soft_armed': False, 'fc_redlines_armed': False, 'fc_state': 1}
2025-01-24 17:08:54,003 INFO {'fc_fire': False, 'fc_pulse': 1, 'fc_pdelay': 5000, 'fc_soft_armed': False, 'fc_redlines_armed': False, 'fc_state': 1}
2025-01-24 17:08:54,003 INFO {'fc_fire': False, 'fc_pulse': 1, 'fc_pdelay': 5000, 'fc_soft_armed': False, 'fc_redlines_armed': False, 'fc_state': 1}
2025-01-24 17:08:54,006 INFO {'fc_fire': True, 'fc_pulse': -1, 'fc_pdelay': 5, 'fc_soft_armed': False, 'fc_redlines_armed': False, 'fc_state': 1}
2025-01-24 17:08:54,006 INFO {'fc_fire': True, 'fc_pulse': -1, 'fc_pdelay': 5, 'fc_soft_armed': False, 'fc_redlines_armed': False, 'fc_state': 1}
2025-01-24 17:08:54,006 INFO {'fc_fire': True, 'fc_pulse': -1, 'fc_pdelay': 5, 'fc_soft_armed': False, 'fc_redlines_armed': False, 'fc_state': 1}
2025-01-24 17:08:54,006 INFO {'fc_fire': True, 'fc_pulse': -1, 'fc_pdelay': 5, 'fc_soft_armed': False, 'fc_redlines_armed': False, 'fc_state': 1}
2025-01-24 17:08:54,006 INFO {'fc_fire': True, 'fc_pulse': -1, 'fc_pdelay': 5, 'fc_soft_armed': False, 'fc_redlines_armed': False, 'fc_state': 1}
2025-01-24 17:08:54,006 INFO {'fc_fire': True, 'fc_pulse': -1, 'fc_pdelay': 5, 'fc_soft_armed': False, 'fc_redlines_armed': False, 'fc_state': 1}
2025-01-24 17:08:54,006 INFO {'fc_fire': True, 'fc_pulse': -1, 'fc_pdelay': 5, 'fc_soft_armed': False, 'fc_redlines_armed': False, 'fc_state': 1}
2025-01-24 17:08:54,006 INFO {'fc_fire': True, 'fc_pulse': -1, 'fc_pdelay': 5, 'fc_soft_armed': False, 'fc_redlines_armed': False, 'fc_state': 1}
2025-01-24 17:08:54,006 INFO {'fc_fire': True, 'fc_pulse': -1, 'fc_pdelay': 5, 'fc_soft_armed': False, 'fc_redlines_armed': False, 'fc_state': 1}
2025-01-24 17:08:54,009 INFO {'fc_fire': True, 'fc_pulse': -1, 'fc_pdelay': 5, 'fc_soft_armed': False, 'fc_redlines_armed': False, 'fc_state': 1}
2025-01-24 17:08:54,009 INFO {'fc_fire': True, 'fc_pulse': -1, 'fc_pdelay': 5, 'fc_soft_armed': False, 'fc_redlines_armed': False, 'fc_state': 1}
2025-01-24 17:08:54,009 INFO {'fc_fire': True, 'fc_pulse': -1, 'fc_pdelay': 5, 'fc_soft_armed': False, 'fc_redlines_armed': False, 'fc_state': 1}
2025-01-24 17:08:54,009 INFO {'fc_fire': True, 'fc_pulse': -1, 'fc_pdelay': 5, 'fc_soft_armed': False, 'fc_redlines_armed': False, 'fc_state': 1}
2025-01-24 17:08:54,009 INFO {'fc_fire': True, 'fc_pulse': -1, 'fc_pdelay': 5, 'fc_soft_armed': False, 'fc_redlines_armed': False, 'fc_state': 1}
2025-01-24 17:08:54,009 INFO {'fc_fire': True, 'fc_pulse': -1, 'fc_pdelay': 5, 'fc_soft_armed': False, 'fc_redlines_armed': False, 'fc_state': 1}
2025-01-24 17:08:54,009 INFO {'fc_fire': True, 'fc_pulse': -1, 'fc_pdelay': 5, 'fc_soft_armed': False, 'fc_redlines_armed': False, 'fc_state': 1}
2025-01-24 17:08:54,009 INFO {'fc_fire': True, 'fc_pulse': -1, 'fc_pdelay': 5, 'fc_soft_armed': False, 'fc_redlines_armed': False, 'fc_state': 1}
2025-01-24 17:08:54,009 INFO {'fc_fire': True, 'fc_pulse': -1, 'fc_pdelay': 5, 'fc_soft_armed': False, 'fc_redlines_armed': False, 'fc_state': 1}
2025-01-24 17:08:54,009 INFO {'fc_fire': True, 'fc_pulse': -1, 'fc_pdelay': 5, 'fc_soft_armed': False, 'fc_redlines_armed': False, 'fc_state': 1}
2025-01-24 17:08:54,012 INFO {'fc_fire': False, 'fc_pulse': 1, 'fc_pdelay': 5000, 'fc_soft_armed': False, 'fc_redlines_armed': False, 'fc_state': 1}
2025-01-24 17:08:54,012 INFO {'fc_fire': False, 'fc_pulse': 1, 'fc_pdelay': 5000, 'fc_soft_armed': False, 'fc_redlines_armed': False, 'fc_state': 1}
2025-01-24 17:08:54,012 INFO {'fc_fire': False, 'fc_pulse': 1, 'fc_pdelay': 5000, 'fc_soft_armed': False, 'fc_redlines_armed': False, 'fc_state': 1}
2025-01-24 17:08:54,012 INFO {'fc_fire': False, 'fc_pulse': 1, 'fc_pdelay': 5000, 'fc_soft_armed': False, 'fc_redlines_armed': False, 'fc_state': 1}
2025-01-24 17:08:54,012 INFO {'fc_fire': False, 'fc_pulse': 1, 'fc_pdelay': 5000, 'fc_soft_armed': False, 'fc_redlines_armed': False, 'fc_state': 1}
2025-01-24 17:08:54,012 INFO {'fc_fire': False, 'fc_pulse': 1, 'fc_pdelay': 5000, 'fc_soft_armed': False, 'fc_redlines_armed': False, 'fc_state': 1}
2025-01-24 17:08:54,012 INFO {'fc_fire': False, 'fc_pulse': 1, 'fc_pdelay': 5000, 'fc_soft_armed': False, 'fc_redlines_armed': False, 'fc_state': 1}
2025-01-24 17:08:54,012 INFO {'fc_fire': False, 'fc_pulse': 1, 'fc_pdelay': 5000, 'fc_soft_armed': False, 'fc_redlines_armed': False, 'fc_state': 1}
2025-01-24 17:08:54,012 INFO {'fc_fire': False, 'fc_pulse': 1, 'fc_pdelay': 5000, 'fc_soft_armed': False, 'fc_redlines_armed': False, 'fc_state': 1}
2025-01-24 17:08:54,012 INFO {'fc_fire': False, 'fc_pulse': 1, 'fc_pdelay': 5000, 'fc_soft_armed': False, 'fc_redlines_armed': False, 'fc_state': 1}
2025-01-24 17:08:54,012 INFO {'fc_fire': False, 'fc_pulse': 1, 'fc_pdelay': 5000, 'fc_soft_armed': False, 'fc_redlines_armed': False, 'fc_state': 1}
2025-01-24 17:08:54,015 INFO {'fc_fire': False, 'fc_pulse': 1, 'fc_pdelay': 5000, 'fc_soft_armed': False, 'fc_redlines_armed': False, 'fc_state': 1}
2025-01-24 17:08:54,015 INFO {'fc_fire': False, 'fc_pulse': 1, 'fc_pdelay': 5000, 'fc_soft_armed': False, 'fc_redlines_armed': False, 'fc_state': 1}
2025-01-24 17:08:54,015 INFO {'fc_fire': False, 'fc_pulse': 1, 'fc_pdelay': 5000, 'fc_soft_armed': False, 'fc_redlines_armed': False, 'fc_state': 1}
2025-01-24 17:08:54,015 INFO {'fc_fire': False, 'fc_pulse': 1, 'fc_pdelay': 5000, 'fc_soft_armed': False, 'fc_redlines_armed': False, 'fc_state': 1}
2025-01-24 17:08:54,015 INFO {'fc_fire': False, 'fc_pulse': 1, 'fc_pdelay': 5000, 'fc_soft_armed': False, 'fc_redlines_armed': False, 'fc_state': 1}
2025-01-24 17:08:54,015 INFO {'fc_fire': False, 'fc_pulse': 1, 'fc_pdelay': 5000, 'fc_soft_armed': False, 'fc_redlines_armed': False, 'fc_state': 1}
2025-01-24 17:08:54,015 INFO {'fc_fire': False, 'fc_pulse': 1, 'fc_pdelay': 5000, 'fc_soft_armed': False, 'fc_redlines_armed': False, 'fc_state': 1}
2025-01-24 17:08:54,015 INFO {'fc_fire': False, 'fc_pulse': 1, 'fc_pdelay': 5000, 'fc_soft_armed': False, 'fc_redlines_armed': False, 'fc_state': 1}
2025-01-24 17:08:54,015 INFO {'fc_fire': False, 'fc_pulse': 1, 'fc_pdelay': 5000, 'fc_soft_armed': False, 'fc_redlines_armed': False, 'fc_state': 1}
2025-01-24 17:08:54,015 INFO {'fc_fire': False, 'fc_pulse': 1, 'fc_pdelay': 5000, 'fc_soft_armed': False, 'fc_redlines_armed': False, 'fc_state': 1}
2025-01-24 17:08:54,015 INFO {'fc_fire': False, 'fc_pulse': 1, 'fc_pdelay': 5000, 'fc_soft_armed': False, 'fc_redlines_armed': False, 'fc_state': 1}
2025-01-24 17:08:54,015 INFO {'fc_fire': False, 'fc_pulse': 1, 'fc_pdelay': 5000, 'fc_soft_armed': False, 'fc_redlines_armed': False, 'fc_state': 1}
2025-01-24 17:09:36,970 ERROR Bad network state detected
2025-01-24 17:11:06,056 ERROR Bad network state detected
2025-01-24 17:11:06,056 ERROR Bad network state detected
2025-01-24 17:11:06,056 ERROR Bad network state detected
2025-01-24 17:11:06,058 ERROR Bad network state detected
2025-01-24 17:11:06,058 ERROR Bad network state detected
2025-01-24 17:11:06,058 ERROR Bad network state detected
2025-01-24 17:11:06,058 ERROR Bad network state detected
2025-01-24 17:11:06,062 INFO {'fc_fire': False, 'fc_pulse': 1, 'fc_pdelay': 5000, 'fc_soft_armed': True, 'fc_redlines_armed': False, 'fc_state': 1}
2025-01-24 17:11:06,062 INFO {'fc_fire': False, 'fc_pulse': 1, 'fc_pdelay': 5000, 'fc_soft_armed': True, 'fc_redlines_armed': False, 'fc_state': 1}
2025-01-24 17:11:06,062 INFO {'fc_fire': False, 'fc_pulse': 1, 'fc_pdelay': 5000, 'fc_soft_armed': True, 'fc_redlines_armed': False, 'fc_state': 1}
2025-01-24 17:11:06,062 INFO {'fc_fire': False, 'fc_pulse': 1, 'fc_pdelay': 5000, 'fc_soft_armed': True, 'fc_redlines_armed': False, 'fc_state': 1}
2025-01-24 17:11:06,062 INFO {'fc_fire': False, 'fc_pulse': 1, 'fc_pdelay': 5000, 'fc_soft_armed': True, 'fc_redlines_armed': False, 'fc_state': 1}
2025-01-24 17:11:06,062 INFO {'fc_fire': False, 'fc_pulse': 1, 'fc_pdelay': 5000, 'fc_soft_armed': True, 'fc_redlines_armed': False, 'fc_state': 1}
2025-01-24 17:11:06,065 INFO {'fc_fire': False, 'fc_pulse': 1, 'fc_pdelay': 5000, 'fc_soft_armed': False, 'fc_redlines_armed': True, 'fc_state': 1}
2025-01-24 17:11:06,065 INFO {'fc_fire': False, 'fc_pulse': 1, 'fc_pdelay': 5000, 'fc_soft_armed': False, 'fc_redlines_armed': True, 'fc_state': 1}
2025-01-24 17:11:06,065 INFO {'fc_fire': False, 'fc_pulse': 1, 'fc_pdelay': 5000, 'fc_soft_armed': False, 'fc_redlines_armed': True, 'fc_state': 1}
2025-01-24 17:11:06,065 INFO {'fc_fire': False, 'fc_pulse': 1, 'fc_pdelay': 5000, 'fc_soft_armed': False, 'fc_redlines_armed': True, 'fc_state': 1}
2025-01-24 17:11:06,065 INFO {'fc_fire': False, 'fc_pulse': 1, 'fc_pdelay': 5000, 'fc_soft_armed': False, 'fc_redlines_armed': True, 'fc_state': 1}
2025-01-24 17:11:06,065 INFO {'fc_fire': False, 'fc_pulse': 1, 'fc_pdelay': 5000, 'fc_soft_armed': False, 'fc_redlines_armed': True, 'fc_state': 1}
2025-01-24 17:11:06,065 INFO {'fc_fire': False, 'fc_pulse': 1, 'fc_pdelay': 5000, 'fc_soft_armed': False, 'fc_redlines_armed': True, 'fc_state': 1}
2025-01-24 17:11:06,071 INFO {'fc_fire': False, 'fc_pulse': 1, 'fc_pdelay': 5000, 'fc_soft_armed': False, 'fc_redlines_armed': False, 'fc_state': 1}
2025-01-24 17:11:06,071 INFO {'fc_fire': False, 'fc_pulse': 1, 'fc_pdelay': 5000, 'fc_soft_armed': False, 'fc_redlines_armed': False, 'fc_state': 1}
2025-01-24 17:11:06,071 INFO {'fc_fire': False, 'fc_pulse': 1, 'fc_pdelay': 5000, 'fc_soft_armed': False, 'fc_redlines_armed': False, 'fc_state': 1}
2025-01-24 17:11:06,071 INFO {'fc_fire': False, 'fc_pulse': 1, 'fc_pdelay': 5000, 'fc_soft_armed': False, 'fc_redlines_armed': False, 'fc_state': 1}
2025-01-24 17:11:06,071 INFO {'fc_fire': False, 'fc_pulse': 1, 'fc_pdelay': 5000, 'fc_soft_armed': False, 'fc_redlines_armed': False, 'fc_state': 1}
2025-01-24 17:11:06,071 INFO {'fc_fire': False, 'fc_pulse': 1, 'fc_pdelay': 5000, 'fc_soft_armed': False, 'fc_redlines_armed': False, 'fc_state': 1}
2025-01-24 17:11:06,071 INFO {'fc_fire': False, 'fc_pulse': 1, 'fc_pdelay': 5000, 'fc_soft_armed': False, 'fc_redlines_armed': False, 'fc_state': 1}
2025-01-24 17:11:06,071 INFO {'fc_fire': False, 'fc_pulse': 1, 'fc_pdelay': 5000, 'fc_soft_armed': False, 'fc_redlines_armed': False, 'fc_state': 1}
2025-01-24 17:11:06,074 INFO {'fc_fire': True, 'fc_pulse': -1, 'fc_pdelay': 5, 'fc_soft_armed': False, 'fc_redlines_armed': False, 'fc_state': 1}
2025-01-24 17:11:06,074 INFO {'fc_fire': True, 'fc_pulse': -1, 'fc_pdelay': 5, 'fc_soft_armed': False, 'fc_redlines_armed': False, 'fc_state': 1}
2025-01-24 17:11:06,074 INFO {'fc_fire': True, 'fc_pulse': -1, 'fc_pdelay': 5, 'fc_soft_armed': False, 'fc_redlines_armed': False, 'fc_state': 1}
2025-01-24 17:11:06,074 INFO {'fc_fire': True, 'fc_pulse': -1, 'fc_pdelay': 5, 'fc_soft_armed': False, 'fc_redlines_armed': False, 'fc_state': 1}
2025-01-24 17:11:06,074 INFO {'fc_fire': True, 'fc_pulse': -1, 'fc_pdelay': 5, 'fc_soft_armed': False, 'fc_redlines_armed': False, 'fc_state': 1}
2025-01-24 17:11:06,074 INFO {'fc_fire': True, 'fc_pulse': -1, 'fc_pdelay': 5, 'fc_soft_armed': False, 'fc_redlines_armed': False, 'fc_state': 1}
2025-01-24 17:11:06,074 INFO {'fc_fire': True, 'fc_pulse': -1, 'fc_pdelay': 5, 'fc_soft_armed': False, 'fc_redlines_armed': False, 'fc_state': 1}
2025-01-24 17:11:06,074 INFO {'fc_fire': True, 'fc_pulse': -1, 'fc_pdelay': 5, 'fc_soft_armed': False, 'fc_redlines_armed': False, 'fc_state': 1}
2025-01-24 17:11:06,074 INFO {'fc_fire': True, 'fc_pulse': -1, 'fc_pdelay': 5, 'fc_soft_armed': False, 'fc_redlines_armed': False, 'fc_state': 1}
2025-01-24 17:11:06,077 INFO {'fc_fire': True, 'fc_pulse': -1, 'fc_pdelay': 5, 'fc_soft_armed': False, 'fc_redlines_armed': False, 'fc_state': 1}
2025-01-24 17:11:06,077 INFO {'fc_fire': True, 'fc_pulse': -1, 'fc_pdelay': 5, 'fc_soft_armed': False, 'fc_redlines_armed': False, 'fc_state': 1}
2025-01-24 17:11:06,077 INFO {'fc_fire': True, 'fc_pulse': -1, 'fc_pdelay': 5, 'fc_soft_armed': False, 'fc_redlines_armed': False, 'fc_state': 1}
2025-01-24 17:11:06,077 INFO {'fc_fire': True, 'fc_pulse': -1, 'fc_pdelay': 5, 'fc_soft_armed': False, 'fc_redlines_armed': False, 'fc_state': 1}
2025-01-24 17:11:06,077 INFO {'fc_fire': True, 'fc_pulse': -1, 'fc_pdelay': 5, 'fc_soft_armed': False, 'fc_redlines_armed': False, 'fc_state': 1}
2025-01-24 17:11:06,077 INFO {'fc_fire': True, 'fc_pulse': -1, 'fc_pdelay': 5, 'fc_soft_armed': False, 'fc_redlines_armed': False, 'fc_state': 1}
2025-01-24 17:11:06,077 INFO {'fc_fire': True, 'fc_pulse': -1, 'fc_pdelay': 5, 'fc_soft_armed': False, 'fc_redlines_armed': False, 'fc_state': 1}
2025-01-24 17:11:06,077 INFO {'fc_fire': True, 'fc_pulse': -1, 'fc_pdelay': 5, 'fc_soft_armed': False, 'fc_redlines_armed': False, 'fc_state': 1}
2025-01-24 17:11:06,077 INFO {'fc_fire': True, 'fc_pulse': -1, 'fc_pdelay': 5, 'fc_soft_armed': False, 'fc_redlines_armed': False, 'fc_state': 1}
2025-01-24 17:11:06,077 INFO {'fc_fire': True, 'fc_pulse': -1, 'fc_pdelay': 5, 'fc_soft_armed': False, 'fc_redlines_armed': False, 'fc_state': 1}
2025-01-24 17:11:06,080 INFO {'fc_fire': False, 'fc_pulse': 1, 'fc_pdelay': 5000, 'fc_soft_armed': False, 'fc_redlines_armed': False, 'fc_state': 1}
2025-01-24 17:11:06,080 INFO {'fc_fire': False, 'fc_pulse': 1, 'fc_pdelay': 5000, 'fc_soft_armed': False, 'fc_redlines_armed': False, 'fc_state': 1}
2025-01-24 17:11:06,080 INFO {'fc_fire': False, 'fc_pulse': 1, 'fc_pdelay': 5000, 'fc_soft_armed': False, 'fc_redlines_armed': False, 'fc_state': 1}
2025-01-24 17:11:06,080 INFO {'fc_fire': False, 'fc_pulse': 1, 'fc_pdelay': 5000, 'fc_soft_armed': False, 'fc_redlines_armed': False, 'fc_state': 1}
2025-01-24 17:11:06,080 INFO {'fc_fire': False, 'fc_pulse': 1, 'fc_pdelay': 5000, 'fc_soft_armed': False, 'fc_redlines_armed': False, 'fc_state': 1}
2025-01-24 17:11:06,080 INFO {'fc_fire': False, 'fc_pulse': 1, 'fc_pdelay': 5000, 'fc_soft_armed': False, 'fc_redlines_armed': False, 'fc_state': 1}
2025-01-24 17:11:06,080 INFO {'fc_fire': False, 'fc_pulse': 1, 'fc_pdelay': 5000, 'fc_soft_armed': False, 'fc_redlines_armed': False, 'fc_state': 1}
2025-01-24 17:11:06,080 INFO {'fc_fire': False, 'fc_pulse': 1, 'fc_pdelay': 5000, 'fc_soft_armed': False, 'fc_redlines_armed': False, 'fc_state': 1}
2025-01-24 17:11:06,080 INFO {'fc_fire': False, 'fc_pulse': 1, 'fc_pdelay': 5000, 'fc_soft_armed': False, 'fc_redlines_armed': False, 'fc_state': 1}
2025-01-24 17:11:06,080 INFO {'fc_fire': False, 'fc_pulse': 1, 'fc_pdelay': 5000, 'fc_soft_armed': False, 'fc_redlines_armed': False, 'fc_state': 1}
2025-01-24 17:11:06,080 INFO {'fc_fire': False, 'fc_pulse': 1, 'fc_pdelay': 5000, 'fc_soft_armed': False, 'fc_redlines_armed': False, 'fc_state': 1}
2025-01-24 17:11:06,083 INFO {'fc_fire': False, 'fc_pulse': 1, 'fc_pdelay': 5000, 'fc_soft_armed': False, 'fc_redlines_armed': False, 'fc_state': 1}
2025-01-24 17:11:06,083 INFO {'fc_fire': False, 'fc_pulse': 1, 'fc_pdelay': 5000, 'fc_soft_armed': False, 'fc_redlines_armed': False, 'fc_state': 1}
2025-01-24 17:11:06,083 INFO {'fc_fire': False, 'fc_pulse': 1, 'fc_pdelay': 5000, 'fc_soft_armed': False, 'fc_redlines_armed': False, 'fc_state': 1}
2025-01-24 17:11:06,083 INFO {'fc_fire': False, 'fc_pulse': 1, 'fc_pdelay': 5000, 'fc_soft_armed': False, 'fc_redlines_armed': False, 'fc_state': 1}
2025-01-24 17:11:06,083 INFO {'fc_fire': False, 'fc_pulse': 1, 'fc_pdelay': 5000, 'fc_soft_armed': False, 'fc_redlines_armed': False, 'fc_state': 1}
2025-01-24 17:11:06,083 INFO {'fc_fire': False, 'fc_pulse': 1, 'fc_pdelay': 5000, 'fc_soft_armed': False, 'fc_redlines_armed': False, 'fc_state': 1}
2025-01-24 17:11:06,083 INFO {'fc_fire': False, 'fc_pulse': 1, 'fc_pdelay': 5000, 'fc_soft_armed': False, 'fc_redlines_armed': False, 'fc_state': 1}
2025-01-24 17:11:06,083 INFO {'fc_fire': False, 'fc_pulse': 1, 'fc_pdelay': 5000, 'fc_soft_armed': False, 'fc_redlines_armed': False, 'fc_state': 1}
2025-01-24 17:11:06,083 INFO {'fc_fire': False, 'fc_pulse': 1, 'fc_pdelay': 5000, 'fc_soft_armed': False, 'fc_redlines_armed': False, 'fc_state': 1}
2025-01-24 17:11:06,083 INFO {'fc_fire': False, 'fc_pulse': 1, 'fc_pdelay': 5000, 'fc_soft_armed': False, 'fc_redlines_armed': False, 'fc_state': 1}
2025-01-24 17:11:06,083 INFO {'fc_fire': False, 'fc_pulse': 1, 'fc_pdelay': 5000, 'fc_soft_armed': False, 'fc_redlines_armed': False, 'fc_state': 1}
2025-01-24 17:11:06,083 INFO {'fc_fire': False, 'fc_pulse': 1, 'fc_pdelay': 5000, 'fc_soft_armed': False, 'fc_redlines_armed': False, 'fc_state': 1}
2025-01-24 17:11:09,658 ERROR Bad network state detected
2025-01-24 17:11:09,658 ERROR Bad network state detected
2025-01-24 17:11:09,658 ERROR Bad network state detected
2025-01-24 17:11:09,660 ERROR Bad network state detected
2025-01-24 17:11:09,660 ERROR Bad network state detected
2025-01-24 17:11:09,660 ERROR Bad network state detected
2025-01-24 17:11:09,660 ERROR Bad network state detected
2025-01-24 17:11:09,664 INFO {'fc_fire': False, 'fc_pulse': 1, 'fc_pdelay': 5000, 'fc_soft_armed': True, 'fc_redlines_armed': False, 'fc_state': 1}
2025-01-24 17:11:09,664 INFO {'fc_fire': False, 'fc_pulse': 1, 'fc_pdelay': 5000, 'fc_soft_armed': True, 'fc_redlines_armed': False, 'fc_state': 1}
2025-01-24 17:11:09,664 INFO {'fc_fire': False, 'fc_pulse': 1, 'fc_pdelay': 5000, 'fc_soft_armed': True, 'fc_redlines_armed': False, 'fc_state': 1}
2025-01-24 17:11:09,664 INFO {'fc_fire': False, 'fc_pulse': 1, 'fc_pdelay': 5000, 'fc_soft_armed': True, 'fc_redlines_armed': False, 'fc_state': 1}
2025-01-24 17:11:09,664 INFO {'fc_fire': False, 'fc_pulse': 1, 'fc_pdelay': 5000, 'fc_soft_armed': True, 'fc_redlines_armed': False, 'fc_state': 1}
2025-01-24 17:11:09,664 INFO {'fc_fire': False, 'fc_pulse': 1, 'fc_pdelay': 5000, 'fc_soft_armed': True, 'fc_redlines_armed': False, 'fc_state': 1}
2025-01-24 17:11:09,666 INFO {'fc_fire': False, 'fc_pulse': 1, 'fc_pdelay': 5000, 'fc_soft_armed': False, 'fc_redlines_armed': True, 'fc_state': 1}
2025-01-24 17:11:09,666 INFO {'fc_fire': False, 'fc_pulse': 1, 'fc_pdelay': 5000, 'fc_soft_armed': False, 'fc_redlines_armed': True, 'fc_state': 1}
2025-01-24 17:11:09,666 INFO {'fc_fire': False, 'fc_pulse': 1, 'fc_pdelay': 5000, 'fc_soft_armed': False, 'fc_redlines_armed': True, 'fc_state': 1}
2025-01-24 17:11:09,666 INFO {'fc_fire': False, 'fc_pulse': 1, 'fc_pdelay': 5000, 'fc_soft_armed': False, 'fc_redlines_armed': True, 'fc_state': 1}
2025-01-24 17:11:09,666 INFO {'fc_fire': False, 'fc_pulse': 1, 'fc_pdelay': 5000, 'fc_soft_armed': False, 'fc_redlines_armed': True, 'fc_state': 1}
2025-01-24 17:11:09,666 INFO {'fc_fire': False, 'fc_pulse': 1, 'fc_pdelay': 5000, 'fc_soft_armed': False, 'fc_redlines_armed': True, 'fc_state': 1}
2025-01-24 17:11:09,666 INFO {'fc_fire': False, 'fc_pulse': 1, 'fc_pdelay': 5000, 'fc_soft_armed': False, 'fc_redlines_armed': True, 'fc_state': 1}
2025-01-24 17:11:09,668 INFO {'fc_fire': False, 'fc_pulse': 1, 'fc_pdelay': 5000, 'fc_soft_armed': False, 'fc_redlines_armed': False, 'fc_state': 1}
2025-01-24 17:11:09,668 INFO {'fc_fire': False, 'fc_pulse': 1, 'fc_pdelay': 5000, 'fc_soft_armed': False, 'fc_redlines_armed': False, 'fc_state': 1}
2025-01-24 17:11:09,668 INFO {'fc_fire': False, 'fc_pulse': 1, 'fc_pdelay': 5000, 'fc_soft_armed': False, 'fc_redlines_armed': False, 'fc_state': 1}
2025-01-24 17:11:09,668 INFO {'fc_fire': False, 'fc_pulse': 1, 'fc_pdelay': 5000, 'fc_soft_armed': False, 'fc_redlines_armed': False, 'fc_state': 1}
2025-01-24 17:11:09,668 INFO {'fc_fire': False, 'fc_pulse': 1, 'fc_pdelay': 5000, 'fc_soft_armed': False, 'fc_redlines_armed': False, 'fc_state': 1}
2025-01-24 17:11:09,668 INFO {'fc_fire': False, 'fc_pulse': 1, 'fc_pdelay': 5000, 'fc_soft_armed': False, 'fc_redlines_armed': False, 'fc_state': 1}
2025-01-24 17:11:09,668 INFO {'fc_fire': False, 'fc_pulse': 1, 'fc_pdelay': 5000, 'fc_soft_armed': False, 'fc_redlines_armed': False, 'fc_state': 1}
2025-01-24 17:11:09,668 INFO {'fc_fire': False, 'fc_pulse': 1, 'fc_pdelay': 5000, 'fc_soft_armed': False, 'fc_redlines_armed': False, 'fc_state': 1}
2025-01-24 17:11:09,672 INFO {'fc_fire': True, 'fc_pulse': -1, 'fc_pdelay': 5, 'fc_soft_armed': False, 'fc_redlines_armed': False, 'fc_state': 1}
2025-01-24 17:11:09,672 INFO {'fc_fire': True, 'fc_pulse': -1, 'fc_pdelay': 5, 'fc_soft_armed': False, 'fc_redlines_armed': False, 'fc_state': 1}
2025-01-24 17:11:09,672 INFO {'fc_fire': True, 'fc_pulse': -1, 'fc_pdelay': 5, 'fc_soft_armed': False, 'fc_redlines_armed': False, 'fc_state': 1}
2025-01-24 17:11:09,672 INFO {'fc_fire': True, 'fc_pulse': -1, 'fc_pdelay': 5, 'fc_soft_armed': False, 'fc_redlines_armed': False, 'fc_state': 1}
2025-01-24 17:11:09,672 INFO {'fc_fire': True, 'fc_pulse': -1, 'fc_pdelay': 5, 'fc_soft_armed': False, 'fc_redlines_armed': False, 'fc_state': 1}
2025-01-24 17:11:09,672 INFO {'fc_fire': True, 'fc_pulse': -1, 'fc_pdelay': 5, 'fc_soft_armed': False, 'fc_redlines_armed': False, 'fc_state': 1}
2025-01-24 17:11:09,672 INFO {'fc_fire': True, 'fc_pulse': -1, 'fc_pdelay': 5, 'fc_soft_armed': False, 'fc_redlines_armed': False, 'fc_state': 1}
2025-01-24 17:11:09,672 INFO {'fc_fire': True, 'fc_pulse': -1, 'fc_pdelay': 5, 'fc_soft_armed': False, 'fc_redlines_armed': False, 'fc_state': 1}
2025-01-24 17:11:09,672 INFO {'fc_fire': True, 'fc_pulse': -1, 'fc_pdelay': 5, 'fc_soft_armed': False, 'fc_redlines_armed': False, 'fc_state': 1}
2025-01-24 17:11:09,674 INFO {'fc_fire': True, 'fc_pulse': -1, 'fc_pdelay': 5, 'fc_soft_armed': False, 'fc_redlines_armed': False, 'fc_state': 1}
2025-01-24 17:11:09,674 INFO {'fc_fire': True, 'fc_pulse': -1, 'fc_pdelay': 5, 'fc_soft_armed': False, 'fc_redlines_armed': False, 'fc_state': 1}
2025-01-24 17:11:09,674 INFO {'fc_fire': True, 'fc_pulse': -1, 'fc_pdelay': 5, 'fc_soft_armed': False, 'fc_redlines_armed': False, 'fc_state': 1}
2025-01-24 17:11:09,674 INFO {'fc_fire': True, 'fc_pulse': -1, 'fc_pdelay': 5, 'fc_soft_armed': False, 'fc_redlines_armed': False, 'fc_state': 1}
2025-01-24 17:11:09,674 INFO {'fc_fire': True, 'fc_pulse': -1, 'fc_pdelay': 5, 'fc_soft_armed': False, 'fc_redlines_armed': False, 'fc_state': 1}
2025-01-24 17:11:09,674 INFO {'fc_fire': True, 'fc_pulse': -1, 'fc_pdelay': 5, 'fc_soft_armed': False, 'fc_redlines_armed': False, 'fc_state': 1}
2025-01-24 17:11:09,674 INFO {'fc_fire': True, 'fc_pulse': -1, 'fc_pdelay': 5, 'fc_soft_armed': False, 'fc_redlines_armed': False, 'fc_state': 1}
2025-01-24 17:11:09,674 INFO {'fc_fire': True, 'fc_pulse': -1, 'fc_pdelay': 5, 'fc_soft_armed': False, 'fc_redlines_armed': False, 'fc_state': 1}
2025-01-24 17:11:09,674 INFO {'fc_fire': True, 'fc_pulse': -1, 'fc_pdelay': 5, 'fc_soft_armed': False, 'fc_redlines_armed': False, 'fc_state': 1}
2025-01-24 17:11:09,674 INFO {'fc_fire': True, 'fc_pulse': -1, 'fc_pdelay': 5, 'fc_soft_armed': False, 'fc_redlines_armed': False, 'fc_state': 1}
2025-01-24 17:11:09,676 INFO {'fc_fire': False, 'fc_pulse': 1, 'fc_pdelay': 5000, 'fc_soft_armed': False, 'fc_redlines_armed': False, 'fc_state': 1}
2025-01-24 17:11:09,676 INFO {'fc_fire': False, 'fc_pulse': 1, 'fc_pdelay': 5000, 'fc_soft_armed': False, 'fc_redlines_armed': False, 'fc_state': 1}
2025-01-24 17:11:09,676 INFO {'fc_fire': False, 'fc_pulse': 1, 'fc_pdelay': 5000, 'fc_soft_armed': False, 'fc_redlines_armed': False, 'fc_state': 1}
2025-01-24 17:11:09,676 INFO {'fc_fire': False, 'fc_pulse': 1, 'fc_pdelay': 5000, 'fc_soft_armed': False, 'fc_redlines_armed': False, 'fc_state': 1}
2025-01-24 17:11:09,676 INFO {'fc_fire': False, 'fc_pulse': 1, 'fc_pdelay': 5000, 'fc_soft_armed': False, 'fc_redlines_armed': False, 'fc_state': 1}
2025-01-24 17:11:09,676 INFO {'fc_fire': False, 'fc_pulse': 1, 'fc_pdelay': 5000, 'fc_soft_armed': False, 'fc_redlines_armed': False, 'fc_state': 1}
2025-01-24 17:11:09,676 INFO {'fc_fire': False, 'fc_pulse': 1, 'fc_pdelay': 5000, 'fc_soft_armed': False, 'fc_redlines_armed': False, 'fc_state': 1}
2025-01-24 17:11:09,676 INFO {'fc_fire': False, 'fc_pulse': 1, 'fc_pdelay': 5000, 'fc_soft_armed': False, 'fc_redlines_armed': False, 'fc_state': 1}
2025-01-24 17:11:09,676 INFO {'fc_fire': False, 'fc_pulse': 1, 'fc_pdelay': 5000, 'fc_soft_armed': False, 'fc_redlines_armed': False, 'fc_state': 1}
2025-01-24 17:11:09,676 INFO {'fc_fire': False, 'fc_pulse': 1, 'fc_pdelay': 5000, 'fc_soft_armed': False, 'fc_redlines_armed': False, 'fc_state': 1}
2025-01-24 17:11:09,676 INFO {'fc_fire': False, 'fc_pulse': 1, 'fc_pdelay': 5000, 'fc_soft_armed': False, 'fc_redlines_armed': False, 'fc_state': 1}
2025-01-24 17:11:09,678 INFO {'fc_fire': False, 'fc_pulse': 1, 'fc_pdelay': 5000, 'fc_soft_armed': False, 'fc_redlines_armed': False, 'fc_state': 1}
2025-01-24 17:11:09,678 INFO {'fc_fire': False, 'fc_pulse': 1, 'fc_pdelay': 5000, 'fc_soft_armed': False, 'fc_redlines_armed': False, 'fc_state': 1}
2025-01-24 17:11:09,678 INFO {'fc_fire': False, 'fc_pulse': 1, 'fc_pdelay': 5000, 'fc_soft_armed': False, 'fc_redlines_armed': False, 'fc_state': 1}
2025-01-24 17:11:09,678 INFO {'fc_fire': False, 'fc_pulse': 1, 'fc_pdelay': 5000, 'fc_soft_armed': False, 'fc_redlines_armed': False, 'fc_state': 1}
2025-01-24 17:11:09,678 INFO {'fc_fire': False, 'fc_pulse': 1, 'fc_pdelay': 5000, 'fc_soft_armed': False, 'fc_redlines_armed': False, 'fc_state': 1}
2025-01-24 17:11:09,678 INFO {'fc_fire': False, 'fc_pulse': 1, 'fc_pdelay': 5000, 'fc_soft_armed': False, 'fc_redlines_armed': False, 'fc_state': 1}
2025-01-24 17:11:09,678 INFO {'fc_fire': False, 'fc_pulse': 1, 'fc_pdelay': 5000, 'fc_soft_armed': False, 'fc_redlines_armed': False, 'fc_state': 1}
2025-01-24 17:11:09,678 INFO {'fc_fire': False, 'fc_pulse': 1, 'fc_pdelay': 5000, 'fc_soft_armed': False, 'fc_redlines_armed': False, 'fc_state': 1}
2025-01-24 17:11:09,678 INFO {'fc_fire': False, 'fc_pulse': 1, 'fc_pdelay': 5000, 'fc_soft_armed': False, 'fc_redlines_armed': False, 'fc_state': 1}
2025-01-24 17:11:09,678 INFO {'fc_fire': False, 'fc_pulse': 1, 'fc_pdelay': 5000, 'fc_soft_armed': False, 'fc_redlines_armed': False, 'fc_state': 1}
2025-01-24 17:11:09,678 INFO {'fc_fire': False, 'fc_pulse': 1, 'fc_pdelay': 5000, 'fc_soft_armed': False, 'fc_redlines_armed': False, 'fc_state': 1}
2025-01-24 17:11:09,678 INFO {'fc_fire': False, 'fc_pulse': 1, 'fc_pdelay': 5000, 'fc_soft_armed': False, 'fc_redlines_armed': False, 'fc_state': 1}
2025-01-24 17:21:30,586 ERROR Bad network state detected
2025-01-24 17:21:30,586 ERROR Bad network state detected
2025-01-24 17:21:30,586 ERROR Bad network state detected
2025-01-24 17:21:30,589 ERROR Bad network state detected
2025-01-24 17:21:30,589 ERROR Bad network state detected
2025-01-24 17:21:30,589 ERROR Bad network state detected
2025-01-24 17:21:30,589 ERROR Bad network state detected
2025-01-24 17:21:30,592 INFO {'fc_fire': False, 'fc_pulse': 1, 'fc_pdelay': 5000, 'fc_soft_armed': True, 'fc_redlines_armed': False, 'fc_state': 1}
2025-01-24 17:21:30,592 INFO {'fc_fire': False, 'fc_pulse': 1, 'fc_pdelay': 5000, 'fc_soft_armed': True, 'fc_redlines_armed': False, 'fc_state': 1}
2025-01-24 17:21:30,592 INFO {'fc_fire': False, 'fc_pulse': 1, 'fc_pdelay': 5000, 'fc_soft_armed': True, 'fc_redlines_armed': False, 'fc_state': 1}
2025-01-24 17:21:30,592 INFO {'fc_fire': False, 'fc_pulse': 1, 'fc_pdelay': 5000, 'fc_soft_armed': True, 'fc_redlines_armed': False, 'fc_state': 1}
2025-01-24 17:21:30,592 INFO {'fc_fire': False, 'fc_pulse': 1, 'fc_pdelay': 5000, 'fc_soft_armed': True, 'fc_redlines_armed': False, 'fc_state': 1}
2025-01-24 17:21:30,592 INFO {'fc_fire': False, 'fc_pulse': 1, 'fc_pdelay': 5000, 'fc_soft_armed': True, 'fc_redlines_armed': False, 'fc_state': 1}
2025-01-24 17:21:30,595 INFO {'fc_fire': False, 'fc_pulse': 1, 'fc_pdelay': 5000, 'fc_soft_armed': False, 'fc_redlines_armed': True, 'fc_state': 1}
2025-01-24 17:21:30,595 INFO {'fc_fire': False, 'fc_pulse': 1, 'fc_pdelay': 5000, 'fc_soft_armed': False, 'fc_redlines_armed': True, 'fc_state': 1}
2025-01-24 17:21:30,595 INFO {'fc_fire': False, 'fc_pulse': 1, 'fc_pdelay': 5000, 'fc_soft_armed': False, 'fc_redlines_armed': True, 'fc_state': 1}
2025-01-24 17:21:30,595 INFO {'fc_fire': False, 'fc_pulse': 1, 'fc_pdelay': 5000, 'fc_soft_armed': False, 'fc_redlines_armed': True, 'fc_state': 1}
2025-01-24 17:21:30,595 INFO {'fc_fire': False, 'fc_pulse': 1, 'fc_pdelay': 5000, 'fc_soft_armed': False, 'fc_redlines_armed': True, 'fc_state': 1}
2025-01-24 17:21:30,595 INFO {'fc_fire': False, 'fc_pulse': 1, 'fc_pdelay': 5000, 'fc_soft_armed': False, 'fc_redlines_armed': True, 'fc_state': 1}
2025-01-24 17:21:30,595 INFO {'fc_fire': False, 'fc_pulse': 1, 'fc_pdelay': 5000, 'fc_soft_armed': False, 'fc_redlines_armed': True, 'fc_state': 1}
2025-01-24 17:21:30,597 INFO {'fc_fire': False, 'fc_pulse': 1, 'fc_pdelay': 5000, 'fc_soft_armed': False, 'fc_redlines_armed': False, 'fc_state': 1}
2025-01-24 17:21:30,597 INFO {'fc_fire': False, 'fc_pulse': 1, 'fc_pdelay': 5000, 'fc_soft_armed': False, 'fc_redlines_armed': False, 'fc_state': 1}
2025-01-24 17:21:30,597 INFO {'fc_fire': False, 'fc_pulse': 1, 'fc_pdelay': 5000, 'fc_soft_armed': False, 'fc_redlines_armed': False, 'fc_state': 1}
2025-01-24 17:21:30,597 INFO {'fc_fire': False, 'fc_pulse': 1, 'fc_pdelay': 5000, 'fc_soft_armed': False, 'fc_redlines_armed': False, 'fc_state': 1}
2025-01-24 17:21:30,597 INFO {'fc_fire': False, 'fc_pulse': 1, 'fc_pdelay': 5000, 'fc_soft_armed': False, 'fc_redlines_armed': False, 'fc_state': 1}
2025-01-24 17:21:30,597 INFO {'fc_fire': False, 'fc_pulse': 1, 'fc_pdelay': 5000, 'fc_soft_armed': False, 'fc_redlines_armed': False, 'fc_state': 1}
2025-01-24 17:21:30,597 INFO {'fc_fire': False, 'fc_pulse': 1, 'fc_pdelay': 5000, 'fc_soft_armed': False, 'fc_redlines_armed': False, 'fc_state': 1}
2025-01-24 17:21:30,597 INFO {'fc_fire': False, 'fc_pulse': 1, 'fc_pdelay': 5000, 'fc_soft_armed': False, 'fc_redlines_armed': False, 'fc_state': 1}
2025-01-24 17:21:30,599 INFO {'fc_fire': True, 'fc_pulse': -1, 'fc_pdelay': 5, 'fc_soft_armed': False, 'fc_redlines_armed': False, 'fc_state': 1}
2025-01-24 17:21:30,599 INFO {'fc_fire': True, 'fc_pulse': -1, 'fc_pdelay': 5, 'fc_soft_armed': False, 'fc_redlines_armed': False, 'fc_state': 1}
2025-01-24 17:21:30,599 INFO {'fc_fire': True, 'fc_pulse': -1, 'fc_pdelay': 5, 'fc_soft_armed': False, 'fc_redlines_armed': False, 'fc_state': 1}
2025-01-24 17:21:30,599 INFO {'fc_fire': True, 'fc_pulse': -1, 'fc_pdelay': 5, 'fc_soft_armed': False, 'fc_redlines_armed': False, 'fc_state': 1}
2025-01-24 17:21:30,599 INFO {'fc_fire': True, 'fc_pulse': -1, 'fc_pdelay': 5, 'fc_soft_armed': False, 'fc_redlines_armed': False, 'fc_state': 1}
2025-01-24 17:21:30,599 INFO {'fc_fire': True, 'fc_pulse': -1, 'fc_pdelay': 5, 'fc_soft_armed': False, 'fc_redlines_armed': False, 'fc_state': 1}
2025-01-24 17:21:30,599 INFO {'fc_fire': True, 'fc_pulse': -1, 'fc_pdelay': 5, 'fc_soft_armed': False, 'fc_redlines_armed': False, 'fc_state': 1}
2025-01-24 17:21:30,599 INFO {'fc_fire': True, 'fc_pulse': -1, 'fc_pdelay': 5, 'fc_soft_armed': False, 'fc_redlines_armed': False, 'fc_state': 1}
2025-01-24 17:21:30,599 INFO {'fc_fire': True, 'fc_pulse': -1, 'fc_pdelay': 5, 'fc_soft_armed': False, 'fc_redlines_armed': False, 'fc_state': 1}
2025-01-24 17:21:30,601 INFO {'fc_fire': True, 'fc_pulse': -1, 'fc_pdelay': 5, 'fc_soft_armed': False, 'fc_redlines_armed': False, 'fc_state': 1}
2025-01-24 17:21:30,601 INFO {'fc_fire': True, 'fc_pulse': -1, 'fc_pdelay': 5, 'fc_soft_armed': False, 'fc_redlines_armed': False, 'fc_state': 1}
2025-01-24 17:21:30,601 INFO {'fc_fire': True, 'fc_pulse': -1, 'fc_pdelay': 5, 'fc_soft_armed': False, 'fc_redlines_armed': False, 'fc_state': 1}
2025-01-24 17:21:30,601 INFO {'fc_fire': True, 'fc_pulse': -1, 'fc_pdelay': 5, 'fc_soft_armed': False, 'fc_redlines_armed': False, 'fc_state': 1}
2025-01-24 17:21:30,601 INFO {'fc_fire': True, 'fc_pulse': -1, 'fc_pdelay': 5, 'fc_soft_armed': False, 'fc_redlines_armed': False, 'fc_state': 1}
2025-01-24 17:21:30,601 INFO {'fc_fire': True, 'fc_pulse': -1, 'fc_pdelay': 5, 'fc_soft_armed': False, 'fc_redlines_armed': False, 'fc_state': 1}
2025-01-24 17:21:30,601 INFO {'fc_fire': True, 'fc_pulse': -1, 'fc_pdelay': 5, 'fc_soft_armed': False, 'fc_redlines_armed': False, 'fc_state': 1}
2025-01-24 17:21:30,601 INFO {'fc_fire': True, 'fc_pulse': -1, 'fc_pdelay': 5, 'fc_soft_armed': False, 'fc_redlines_armed': False, 'fc_state': 1}
2025-01-24 17:21:30,601 INFO {'fc_fire': True, 'fc_pulse': -1, 'fc_pdelay': 5, 'fc_soft_armed': False, 'fc_redlines_armed': False, 'fc_state': 1}
2025-01-24 17:21:30,601 INFO {'fc_fire': True, 'fc_pulse': -1, 'fc_pdelay': 5, 'fc_soft_armed': False, 'fc_redlines_armed': False, 'fc_state': 1}
2025-01-24 17:21:30,603 INFO {'fc_fire': False, 'fc_pulse': 1, 'fc_pdelay': 5000, 'fc_soft_armed': False, 'fc_redlines_armed': False, 'fc_state': 1}
2025-01-24 17:21:30,603 INFO {'fc_fire': False, 'fc_pulse': 1, 'fc_pdelay': 5000, 'fc_soft_armed': False, 'fc_redlines_armed': False, 'fc_state': 1}
2025-01-24 17:21:30,603 INFO {'fc_fire': False, 'fc_pulse': 1, 'fc_pdelay': 5000, 'fc_soft_armed': False, 'fc_redlines_armed': False, 'fc_state': 1}
2025-01-24 17:21:30,603 INFO {'fc_fire': False, 'fc_pulse': 1, 'fc_pdelay': 5000, 'fc_soft_armed': False, 'fc_redlines_armed': False, 'fc_state': 1}
2025-01-24 17:21:30,603 INFO {'fc_fire': False, 'fc_pulse': 1, 'fc_pdelay': 5000, 'fc_soft_armed': False, 'fc_redlines_armed': False, 'fc_state': 1}
2025-01-24 17:21:30,603 INFO {'fc_fire': False, 'fc_pulse': 1, 'fc_pdelay': 5000, 'fc_soft_armed': False, 'fc_redlines_armed': False, 'fc_state': 1}
2025-01-24 17:21:30,603 INFO {'fc_fire': False, 'fc_pulse': 1, 'fc_pdelay': 5000, 'fc_soft_armed': False, 'fc_redlines_armed': False, 'fc_state': 1}
2025-01-24 17:21:30,603 INFO {'fc_fire': False, 'fc_pulse': 1, 'fc_pdelay': 5000, 'fc_soft_armed': False, 'fc_redlines_armed': False, 'fc_state': 1}
2025-01-24 17:21:30,603 INFO {'fc_fire': False, 'fc_pulse': 1, 'fc_pdelay': 5000, 'fc_soft_armed': False, 'fc_redlines_armed': False, 'fc_state': 1}
2025-01-24 17:21:30,603 INFO {'fc_fire': False, 'fc_pulse': 1, 'fc_pdelay': 5000, 'fc_soft_armed': False, 'fc_redlines_armed': False, 'fc_state': 1}
2025-01-24 17:21:30,603 INFO {'fc_fire': False, 'fc_pulse': 1, 'fc_pdelay': 5000, 'fc_soft_armed': False, 'fc_redlines_armed': False, 'fc_state': 1}
2025-01-24 17:21:30,605 INFO {'fc_fire': False, 'fc_pulse': 1, 'fc_pdelay': 5000, 'fc_soft_armed': False, 'fc_redlines_armed': False, 'fc_state': 1}
2025-01-24 17:21:30,605 INFO {'fc_fire': False, 'fc_pulse': 1, 'fc_pdelay': 5000, 'fc_soft_armed': False, 'fc_redlines_armed': False, 'fc_state': 1}
2025-01-24 17:21:30,605 INFO {'fc_fire': False, 'fc_pulse': 1, 'fc_pdelay': 5000, 'fc_soft_armed': False, 'fc_redlines_armed': False, 'fc_state': 1}
2025-01-24 17:21:30,605 INFO {'fc_fire': False, 'fc_pulse': 1, 'fc_pdelay': 5000, 'fc_soft_armed': False, 'fc_redlines_armed': False, 'fc_state': 1}
2025-01-24 17:21:30,605 INFO {'fc_fire': False, 'fc_pulse': 1, 'fc_pdelay': 5000, 'fc_soft_armed': False, 'fc_redlines_armed': False, 'fc_state': 1}
2025-01-24 17:21:30,605 INFO {'fc_fire': False, 'fc_pulse': 1, 'fc_pdelay': 5000, 'fc_soft_armed': False, 'fc_redlines_armed': False, 'fc_state': 1}
2025-01-24 17:21:30,605 INFO {'fc_fire': False, 'fc_pulse': 1, 'fc_pdelay': 5000, 'fc_soft_armed': False, 'fc_redlines_armed': False, 'fc_state': 1}
2025-01-24 17:21:30,605 INFO {'fc_fire': False, 'fc_pulse': 1, 'fc_pdelay': 5000, 'fc_soft_armed': False, 'fc_redlines_armed': False, 'fc_state': 1}
2025-01-24 17:21:30,605 INFO {'fc_fire': False, 'fc_pulse': 1, 'fc_pdelay': 5000, 'fc_soft_armed': False, 'fc_redlines_armed': False, 'fc_state': 1}
2025-01-24 17:21:30,605 INFO {'fc_fire': False, 'fc_pulse': 1, 'fc_pdelay': 5000, 'fc_soft_armed': False, 'fc_redlines_armed': False, 'fc_state': 1}
2025-01-24 17:21:30,605 INFO {'fc_fire': False, 'fc_pulse': 1, 'fc_pdelay': 5000, 'fc_soft_armed': False, 'fc_redlines_armed': False, 'fc_state': 1}
2025-01-24 17:21:30,605 INFO {'fc_fire': False, 'fc_pulse': 1, 'fc_pdelay': 5000, 'fc_soft_armed': False, 'fc_redlines_armed': False, 'fc_state': 1}
2025-01-24 17:21:32,725 ERROR Bad network state detected
2025-01-24 17:21:32,725 ERROR Bad network state detected
2025-01-24 17:21:32,725 ERROR Bad network state detected
2025-01-24 17:21:32,726 ERROR Bad network state detected
2025-01-24 17:21:32,726 ERROR Bad network state detected
2025-01-24 17:21:32,726 ERROR Bad network state detected
2025-01-24 17:21:32,726 ERROR Bad network state detected
2025-01-24 17:21:32,729 INFO {'fc_fire': False, 'fc_pulse': 1, 'fc_pdelay': 5000, 'fc_soft_armed': True, 'fc_redlines_armed': False, 'fc_state': 1}
2025-01-24 17:21:32,729 INFO {'fc_fire': False, 'fc_pulse': 1, 'fc_pdelay': 5000, 'fc_soft_armed': True, 'fc_redlines_armed': False, 'fc_state': 1}
2025-01-24 17:21:32,729 INFO {'fc_fire': False, 'fc_pulse': 1, 'fc_pdelay': 5000, 'fc_soft_armed': True, 'fc_redlines_armed': False, 'fc_state': 1}
2025-01-24 17:21:32,729 INFO {'fc_fire': False, 'fc_pulse': 1, 'fc_pdelay': 5000, 'fc_soft_armed': True, 'fc_redlines_armed': False, 'fc_state': 1}
2025-01-24 17:21:32,729 INFO {'fc_fire': False, 'fc_pulse': 1, 'fc_pdelay': 5000, 'fc_soft_armed': True, 'fc_redlines_armed': False, 'fc_state': 1}
2025-01-24 17:21:32,729 INFO {'fc_fire': False, 'fc_pulse': 1, 'fc_pdelay': 5000, 'fc_soft_armed': True, 'fc_redlines_armed': False, 'fc_state': 1}
2025-01-24 17:21:32,732 INFO {'fc_fire': False, 'fc_pulse': 1, 'fc_pdelay': 5000, 'fc_soft_armed': False, 'fc_redlines_armed': True, 'fc_state': 1}
2025-01-24 17:21:32,732 INFO {'fc_fire': False, 'fc_pulse': 1, 'fc_pdelay': 5000, 'fc_soft_armed': False, 'fc_redlines_armed': True, 'fc_state': 1}
2025-01-24 17:21:32,732 INFO {'fc_fire': False, 'fc_pulse': 1, 'fc_pdelay': 5000, 'fc_soft_armed': False, 'fc_redlines_armed': True, 'fc_state': 1}
2025-01-24 17:21:32,732 INFO {'fc_fire': False, 'fc_pulse': 1, 'fc_pdelay': 5000, 'fc_soft_armed': False, 'fc_redlines_armed': True, 'fc_state': 1}
2025-01-24 17:21:32,732 INFO {'fc_fire': False, 'fc_pulse': 1, 'fc_pdelay': 5000, 'fc_soft_armed': False, 'fc_redlines_armed': True, 'fc_state': 1}
2025-01-24 17:21:32,732 INFO {'fc_fire': False, 'fc_pulse': 1, 'fc_pdelay': 5000, 'fc_soft_armed': False, 'fc_redlines_armed': True, 'fc_state': 1}
2025-01-24 17:21:32,732 INFO {'fc_fire': False, 'fc_pulse': 1, 'fc_pdelay': 5000, 'fc_soft_armed': False, 'fc_redlines_armed': True, 'fc_state': 1}
2025-01-24 17:21:32,735 INFO {'fc_fire': False, 'fc_pulse': 1, 'fc_pdelay': 5000, 'fc_soft_armed': False, 'fc_redlines_armed': False, 'fc_state': 1}
2025-01-24 17:21:32,735 INFO {'fc_fire': False, 'fc_pulse': 1, 'fc_pdelay': 5000, 'fc_soft_armed': False, 'fc_redlines_armed': False, 'fc_state': 1}
2025-01-24 17:21:32,735 INFO {'fc_fire': False, 'fc_pulse': 1, 'fc_pdelay': 5000, 'fc_soft_armed': False, 'fc_redlines_armed': False, 'fc_state': 1}
2025-01-24 17:21:32,735 INFO {'fc_fire': False, 'fc_pulse': 1, 'fc_pdelay': 5000, 'fc_soft_armed': False, 'fc_redlines_armed': False, 'fc_state': 1}
2025-01-24 17:21:32,735 INFO {'fc_fire': False, 'fc_pulse': 1, 'fc_pdelay': 5000, 'fc_soft_armed': False, 'fc_redlines_armed': False, 'fc_state': 1}
2025-01-24 17:21:32,735 INFO {'fc_fire': False, 'fc_pulse': 1, 'fc_pdelay': 5000, 'fc_soft_armed': False, 'fc_redlines_armed': False, 'fc_state': 1}
2025-01-24 17:21:32,735 INFO {'fc_fire': False, 'fc_pulse': 1, 'fc_pdelay': 5000, 'fc_soft_armed': False, 'fc_redlines_armed': False, 'fc_state': 1}
2025-01-24 17:21:32,735 INFO {'fc_fire': False, 'fc_pulse': 1, 'fc_pdelay': 5000, 'fc_soft_armed': False, 'fc_redlines_armed': False, 'fc_state': 1}
2025-01-24 17:21:32,738 INFO {'fc_fire': True, 'fc_pulse': -1, 'fc_pdelay': 5, 'fc_soft_armed': False, 'fc_redlines_armed': False, 'fc_state': 1}
2025-01-24 17:21:32,738 INFO {'fc_fire': True, 'fc_pulse': -1, 'fc_pdelay': 5, 'fc_soft_armed': False, 'fc_redlines_armed': False, 'fc_state': 1}
2025-01-24 17:21:32,738 INFO {'fc_fire': True, 'fc_pulse': -1, 'fc_pdelay': 5, 'fc_soft_armed': False, 'fc_redlines_armed': False, 'fc_state': 1}
2025-01-24 17:21:32,738 INFO {'fc_fire': True, 'fc_pulse': -1, 'fc_pdelay': 5, 'fc_soft_armed': False, 'fc_redlines_armed': False, 'fc_state': 1}
2025-01-24 17:21:32,738 INFO {'fc_fire': True, 'fc_pulse': -1, 'fc_pdelay': 5, 'fc_soft_armed': False, 'fc_redlines_armed': False, 'fc_state': 1}
2025-01-24 17:21:32,738 INFO {'fc_fire': True, 'fc_pulse': -1, 'fc_pdelay': 5, 'fc_soft_armed': False, 'fc_redlines_armed': False, 'fc_state': 1}
2025-01-24 17:21:32,738 INFO {'fc_fire': True, 'fc_pulse': -1, 'fc_pdelay': 5, 'fc_soft_armed': False, 'fc_redlines_armed': False, 'fc_state': 1}
2025-01-24 17:21:32,738 INFO {'fc_fire': True, 'fc_pulse': -1, 'fc_pdelay': 5, 'fc_soft_armed': False, 'fc_redlines_armed': False, 'fc_state': 1}
2025-01-24 17:21:32,738 INFO {'fc_fire': True, 'fc_pulse': -1, 'fc_pdelay': 5, 'fc_soft_armed': False, 'fc_redlines_armed': False, 'fc_state': 1}
2025-01-24 17:21:32,740 INFO {'fc_fire': True, 'fc_pulse': -1, 'fc_pdelay': 5, 'fc_soft_armed': False, 'fc_redlines_armed': False, 'fc_state': 1}
2025-01-24 17:21:32,740 INFO {'fc_fire': True, 'fc_pulse': -1, 'fc_pdelay': 5, 'fc_soft_armed': False, 'fc_redlines_armed': False, 'fc_state': 1}
2025-01-24 17:21:32,740 INFO {'fc_fire': True, 'fc_pulse': -1, 'fc_pdelay': 5, 'fc_soft_armed': False, 'fc_redlines_armed': False, 'fc_state': 1}
2025-01-24 17:21:32,740 INFO {'fc_fire': True, 'fc_pulse': -1, 'fc_pdelay': 5, 'fc_soft_armed': False, 'fc_redlines_armed': False, 'fc_state': 1}
2025-01-24 17:21:32,740 INFO {'fc_fire': True, 'fc_pulse': -1, 'fc_pdelay': 5, 'fc_soft_armed': False, 'fc_redlines_armed': False, 'fc_state': 1}
2025-01-24 17:21:32,740 INFO {'fc_fire': True, 'fc_pulse': -1, 'fc_pdelay': 5, 'fc_soft_armed': False, 'fc_redlines_armed': False, 'fc_state': 1}
2025-01-24 17:21:32,740 INFO {'fc_fire': True, 'fc_pulse': -1, 'fc_pdelay': 5, 'fc_soft_armed': False, 'fc_redlines_armed': False, 'fc_state': 1}
2025-01-24 17:21:32,740 INFO {'fc_fire': True, 'fc_pulse': -1, 'fc_pdelay': 5, 'fc_soft_armed': False, 'fc_redlines_armed': False, 'fc_state': 1}
2025-01-24 17:21:32,740 INFO {'fc_fire': True, 'fc_pulse': -1, 'fc_pdelay': 5, 'fc_soft_armed': False, 'fc_redlines_armed': False, 'fc_state': 1}
2025-01-24 17:21:32,740 INFO {'fc_fire': True, 'fc_pulse': -1, 'fc_pdelay': 5, 'fc_soft_armed': False, 'fc_redlines_armed': False, 'fc_state': 1}
2025-01-24 17:21:32,742 INFO {'fc_fire': False, 'fc_pulse': 1, 'fc_pdelay': 5000, 'fc_soft_armed': False, 'fc_redlines_armed': False, 'fc_state': 1}
2025-01-24 17:21:32,742 INFO {'fc_fire': False, 'fc_pulse': 1, 'fc_pdelay': 5000, 'fc_soft_armed': False, 'fc_redlines_armed': False, 'fc_state': 1}
2025-01-24 17:21:32,742 INFO {'fc_fire': False, 'fc_pulse': 1, 'fc_pdelay': 5000, 'fc_soft_armed': False, 'fc_redlines_armed': False, 'fc_state': 1}
2025-01-24 17:21:32,742 INFO {'fc_fire': False, 'fc_pulse': 1, 'fc_pdelay': 5000, 'fc_soft_armed': False, 'fc_redlines_armed': False, 'fc_state': 1}
2025-01-24 17:21:32,742 INFO {'fc_fire': False, 'fc_pulse': 1, 'fc_pdelay': 5000, 'fc_soft_armed': False, 'fc_redlines_armed': False, 'fc_state': 1}
2025-01-24 17:21:32,742 INFO {'fc_fire': False, 'fc_pulse': 1, 'fc_pdelay': 5000, 'fc_soft_armed': False, 'fc_redlines_armed': False, 'fc_state': 1}
2025-01-24 17:21:32,742 INFO {'fc_fire': False, 'fc_pulse': 1, 'fc_pdelay': 5000, 'fc_soft_armed': False, 'fc_redlines_armed': False, 'fc_state': 1}
2025-01-24 17:21:32,742 INFO {'fc_fire': False, 'fc_pulse': 1, 'fc_pdelay': 5000, 'fc_soft_armed': False, 'fc_redlines_armed': False, 'fc_state': 1}
2025-01-24 17:21:32,742 INFO {'fc_fire': False, 'fc_pulse': 1, 'fc_pdelay': 5000, 'fc_soft_armed': False, 'fc_redlines_armed': False, 'fc_state': 1}
2025-01-24 17:21:32,742 INFO {'fc_fire': False, 'fc_pulse': 1, 'fc_pdelay': 5000, 'fc_soft_armed': False, 'fc_redlines_armed': False, 'fc_state': 1}
2025-01-24 17:21:32,742 INFO {'fc_fire': False, 'fc_pulse': 1, 'fc_pdelay': 5000, 'fc_soft_armed': False, 'fc_redlines_armed': False, 'fc_state': 1}
2025-01-24 17:21:32,744 INFO {'fc_fire': False, 'fc_pulse': 1, 'fc_pdelay': 5000, 'fc_soft_armed': False, 'fc_redlines_armed': False, 'fc_state': 1}
2025-01-24 17:21:32,744 INFO {'fc_fire': False, 'fc_pulse': 1, 'fc_pdelay': 5000, 'fc_soft_armed': False, 'fc_redlines_armed': False, 'fc_state': 1}
2025-01-24 17:21:32,744 INFO {'fc_fire': False, 'fc_pulse': 1, 'fc_pdelay': 5000, 'fc_soft_armed': False, 'fc_redlines_armed': False, 'fc_state': 1}
2025-01-24 17:21:32,744 INFO {'fc_fire': False, 'fc_pulse': 1, 'fc_pdelay': 5000, 'fc_soft_armed': False, 'fc_redlines_armed': False, 'fc_state': 1}
2025-01-24 17:21:32,744 INFO {'fc_fire': False, 'fc_pulse': 1, 'fc_pdelay': 5000, 'fc_soft_armed': False, 'fc_redlines_armed': False, 'fc_state': 1}
2025-01-24 17:21:32,744 INFO {'fc_fire': False, 'fc_pulse': 1, 'fc_pdelay': 5000, 'fc_soft_armed': False, 'fc_redlines_armed': False, 'fc_state': 1}
2025-01-24 17:21:32,744 INFO {'fc_fire': False, 'fc_pulse': 1, 'fc_pdelay': 5000, 'fc_soft_armed': False, 'fc_redlines_armed': False, 'fc_state': 1}
2025-01-24 17:21:32,744 INFO {'fc_fire': False, 'fc_pulse': 1, 'fc_pdelay': 5000, 'fc_soft_armed': False, 'fc_redlines_armed': False, 'fc_state': 1}
2025-01-24 17:21:32,744 INFO {'fc_fire': False, 'fc_pulse': 1, 'fc_pdelay': 5000, 'fc_soft_armed': False, 'fc_redlines_armed': False, 'fc_state': 1}
2025-01-24 17:21:32,744 INFO {'fc_fire': False, 'fc_pulse': 1, 'fc_pdelay': 5000, 'fc_soft_armed': False, 'fc_redlines_armed': False, 'fc_state': 1}
2025-01-24 17:21:32,744 INFO {'fc_fire': False, 'fc_pulse': 1, 'fc_pdelay': 5000, 'fc_soft_armed': False, 'fc_redlines_armed': False, 'fc_state': 1}
2025-01-24 17:21:32,744 INFO {'fc_fire': False, 'fc_pulse': 1, 'fc_pdelay': 5000, 'fc_soft_armed': False, 'fc_redlines_armed': False, 'fc_state': 1}
2025-01-24 17:23:24,644 ERROR Bad network state detected
2025-01-24 17:23:24,644 ERROR Bad network state detected
2025-01-24 17:23:24,644 ERROR Bad network state detected
2025-01-24 17:23:24,647 ERROR Bad network state detected
2025-01-24 17:23:24,647 ERROR Bad network state detected
2025-01-24 17:23:24,647 ERROR Bad network state detected
2025-01-24 17:23:24,647 ERROR Bad network state detected
2025-01-24 17:23:24,652 INFO {'fc_fire': False, 'fc_pulse': 1, 'fc_pdelay': 5000, 'fc_soft_armed': True, 'fc_redlines_armed': False, 'fc_state': 1}
2025-01-24 17:23:24,652 INFO {'fc_fire': False, 'fc_pulse': 1, 'fc_pdelay': 5000, 'fc_soft_armed': True, 'fc_redlines_armed': False, 'fc_state': 1}
2025-01-24 17:23:24,652 INFO {'fc_fire': False, 'fc_pulse': 1, 'fc_pdelay': 5000, 'fc_soft_armed': True, 'fc_redlines_armed': False, 'fc_state': 1}
2025-01-24 17:23:24,652 INFO {'fc_fire': False, 'fc_pulse': 1, 'fc_pdelay': 5000, 'fc_soft_armed': True, 'fc_redlines_armed': False, 'fc_state': 1}
2025-01-24 17:23:24,652 INFO {'fc_fire': False, 'fc_pulse': 1, 'fc_pdelay': 5000, 'fc_soft_armed': True, 'fc_redlines_armed': False, 'fc_state': 1}
2025-01-24 17:23:24,652 INFO {'fc_fire': False, 'fc_pulse': 1, 'fc_pdelay': 5000, 'fc_soft_armed': True, 'fc_redlines_armed': False, 'fc_state': 1}
2025-01-24 17:23:24,655 INFO {'fc_fire': False, 'fc_pulse': 1, 'fc_pdelay': 5000, 'fc_soft_armed': False, 'fc_redlines_armed': True, 'fc_state': 1}
2025-01-24 17:23:24,655 INFO {'fc_fire': False, 'fc_pulse': 1, 'fc_pdelay': 5000, 'fc_soft_armed': False, 'fc_redlines_armed': True, 'fc_state': 1}
2025-01-24 17:23:24,655 INFO {'fc_fire': False, 'fc_pulse': 1, 'fc_pdelay': 5000, 'fc_soft_armed': False, 'fc_redlines_armed': True, 'fc_state': 1}
2025-01-24 17:23:24,655 INFO {'fc_fire': False, 'fc_pulse': 1, 'fc_pdelay': 5000, 'fc_soft_armed': False, 'fc_redlines_armed': True, 'fc_state': 1}
2025-01-24 17:23:24,655 INFO {'fc_fire': False, 'fc_pulse': 1, 'fc_pdelay': 5000, 'fc_soft_armed': False, 'fc_redlines_armed': True, 'fc_state': 1}
2025-01-24 17:23:24,655 INFO {'fc_fire': False, 'fc_pulse': 1, 'fc_pdelay': 5000, 'fc_soft_armed': False, 'fc_redlines_armed': True, 'fc_state': 1}
2025-01-24 17:23:24,655 INFO {'fc_fire': False, 'fc_pulse': 1, 'fc_pdelay': 5000, 'fc_soft_armed': False, 'fc_redlines_armed': True, 'fc_state': 1}
2025-01-24 17:23:24,657 INFO {'fc_fire': False, 'fc_pulse': 1, 'fc_pdelay': 5000, 'fc_soft_armed': False, 'fc_redlines_armed': False, 'fc_state': 1}
2025-01-24 17:23:24,657 INFO {'fc_fire': False, 'fc_pulse': 1, 'fc_pdelay': 5000, 'fc_soft_armed': False, 'fc_redlines_armed': False, 'fc_state': 1}
2025-01-24 17:23:24,657 INFO {'fc_fire': False, 'fc_pulse': 1, 'fc_pdelay': 5000, 'fc_soft_armed': False, 'fc_redlines_armed': False, 'fc_state': 1}
2025-01-24 17:23:24,657 INFO {'fc_fire': False, 'fc_pulse': 1, 'fc_pdelay': 5000, 'fc_soft_armed': False, 'fc_redlines_armed': False, 'fc_state': 1}
2025-01-24 17:23:24,657 INFO {'fc_fire': False, 'fc_pulse': 1, 'fc_pdelay': 5000, 'fc_soft_armed': False, 'fc_redlines_armed': False, 'fc_state': 1}
2025-01-24 17:23:24,657 INFO {'fc_fire': False, 'fc_pulse': 1, 'fc_pdelay': 5000, 'fc_soft_armed': False, 'fc_redlines_armed': False, 'fc_state': 1}
2025-01-24 17:23:24,657 INFO {'fc_fire': False, 'fc_pulse': 1, 'fc_pdelay': 5000, 'fc_soft_armed': False, 'fc_redlines_armed': False, 'fc_state': 1}
2025-01-24 17:23:24,657 INFO {'fc_fire': False, 'fc_pulse': 1, 'fc_pdelay': 5000, 'fc_soft_armed': False, 'fc_redlines_armed': False, 'fc_state': 1}
2025-01-24 17:23:24,659 INFO {'fc_fire': True, 'fc_pulse': -1, 'fc_pdelay': 5, 'fc_soft_armed': False, 'fc_redlines_armed': False, 'fc_state': 1}
2025-01-24 17:23:24,659 INFO {'fc_fire': True, 'fc_pulse': -1, 'fc_pdelay': 5, 'fc_soft_armed': False, 'fc_redlines_armed': False, 'fc_state': 1}
2025-01-24 17:23:24,659 INFO {'fc_fire': True, 'fc_pulse': -1, 'fc_pdelay': 5, 'fc_soft_armed': False, 'fc_redlines_armed': False, 'fc_state': 1}
2025-01-24 17:23:24,659 INFO {'fc_fire': True, 'fc_pulse': -1, 'fc_pdelay': 5, 'fc_soft_armed': False, 'fc_redlines_armed': False, 'fc_state': 1}
2025-01-24 17:23:24,659 INFO {'fc_fire': True, 'fc_pulse': -1, 'fc_pdelay': 5, 'fc_soft_armed': False, 'fc_redlines_armed': False, 'fc_state': 1}
2025-01-24 17:23:24,659 INFO {'fc_fire': True, 'fc_pulse': -1, 'fc_pdelay': 5, 'fc_soft_armed': False, 'fc_redlines_armed': False, 'fc_state': 1}
2025-01-24 17:23:24,659 INFO {'fc_fire': True, 'fc_pulse': -1, 'fc_pdelay': 5, 'fc_soft_armed': False, 'fc_redlines_armed': False, 'fc_state': 1}
2025-01-24 17:23:24,659 INFO {'fc_fire': True, 'fc_pulse': -1, 'fc_pdelay': 5, 'fc_soft_armed': False, 'fc_redlines_armed': False, 'fc_state': 1}
2025-01-24 17:23:24,659 INFO {'fc_fire': True, 'fc_pulse': -1, 'fc_pdelay': 5, 'fc_soft_armed': False, 'fc_redlines_armed': False, 'fc_state': 1}
2025-01-24 17:23:24,662 INFO {'fc_fire': True, 'fc_pulse': -1, 'fc_pdelay': 5, 'fc_soft_armed': False, 'fc_redlines_armed': False, 'fc_state': 1}
2025-01-24 17:23:24,662 INFO {'fc_fire': True, 'fc_pulse': -1, 'fc_pdelay': 5, 'fc_soft_armed': False, 'fc_redlines_armed': False, 'fc_state': 1}
2025-01-24 17:23:24,662 INFO {'fc_fire': True, 'fc_pulse': -1, 'fc_pdelay': 5, 'fc_soft_armed': False, 'fc_redlines_armed': False, 'fc_state': 1}
2025-01-24 17:23:24,662 INFO {'fc_fire': True, 'fc_pulse': -1, 'fc_pdelay': 5, 'fc_soft_armed': False, 'fc_redlines_armed': False, 'fc_state': 1}
2025-01-24 17:23:24,662 INFO {'fc_fire': True, 'fc_pulse': -1, 'fc_pdelay': 5, 'fc_soft_armed': False, 'fc_redlines_armed': False, 'fc_state': 1}
2025-01-24 17:23:24,662 INFO {'fc_fire': True, 'fc_pulse': -1, 'fc_pdelay': 5, 'fc_soft_armed': False, 'fc_redlines_armed': False, 'fc_state': 1}
2025-01-24 17:23:24,662 INFO {'fc_fire': True, 'fc_pulse': -1, 'fc_pdelay': 5, 'fc_soft_armed': False, 'fc_redlines_armed': False, 'fc_state': 1}
2025-01-24 17:23:24,662 INFO {'fc_fire': True, 'fc_pulse': -1, 'fc_pdelay': 5, 'fc_soft_armed': False, 'fc_redlines_armed': False, 'fc_state': 1}
2025-01-24 17:23:24,662 INFO {'fc_fire': True, 'fc_pulse': -1, 'fc_pdelay': 5, 'fc_soft_armed': False, 'fc_redlines_armed': False, 'fc_state': 1}
2025-01-24 17:23:24,662 INFO {'fc_fire': True, 'fc_pulse': -1, 'fc_pdelay': 5, 'fc_soft_armed': False, 'fc_redlines_armed': False, 'fc_state': 1}
2025-01-24 17:23:24,664 INFO {'fc_fire': False, 'fc_pulse': 1, 'fc_pdelay': 5000, 'fc_soft_armed': False, 'fc_redlines_armed': False, 'fc_state': 1}
2025-01-24 17:23:24,664 INFO {'fc_fire': False, 'fc_pulse': 1, 'fc_pdelay': 5000, 'fc_soft_armed': False, 'fc_redlines_armed': False, 'fc_state': 1}
2025-01-24 17:23:24,664 INFO {'fc_fire': False, 'fc_pulse': 1, 'fc_pdelay': 5000, 'fc_soft_armed': False, 'fc_redlines_armed': False, 'fc_state': 1}
2025-01-24 17:23:24,664 INFO {'fc_fire': False, 'fc_pulse': 1, 'fc_pdelay': 5000, 'fc_soft_armed': False, 'fc_redlines_armed': False, 'fc_state': 1}
2025-01-24 17:23:24,664 INFO {'fc_fire': False, 'fc_pulse': 1, 'fc_pdelay': 5000, 'fc_soft_armed': False, 'fc_redlines_armed': False, 'fc_state': 1}
2025-01-24 17:23:24,664 INFO {'fc_fire': False, 'fc_pulse': 1, 'fc_pdelay': 5000, 'fc_soft_armed': False, 'fc_redlines_armed': False, 'fc_state': 1}
2025-01-24 17:23:24,664 INFO {'fc_fire': False, 'fc_pulse': 1, 'fc_pdelay': 5000, 'fc_soft_armed': False, 'fc_redlines_armed': False, 'fc_state': 1}
2025-01-24 17:23:24,664 INFO {'fc_fire': False, 'fc_pulse': 1, 'fc_pdelay': 5000, 'fc_soft_armed': False, 'fc_redlines_armed': False, 'fc_state': 1}
2025-01-24 17:23:24,664 INFO {'fc_fire': False, 'fc_pulse': 1, 'fc_pdelay': 5000, 'fc_soft_armed': False, 'fc_redlines_armed': False, 'fc_state': 1}
2025-01-24 17:23:24,664 INFO {'fc_fire': False, 'fc_pulse': 1, 'fc_pdelay': 5000, 'fc_soft_armed': False, 'fc_redlines_armed': False, 'fc_state': 1}
2025-01-24 17:23:24,664 INFO {'fc_fire': False, 'fc_pulse': 1, 'fc_pdelay': 5000, 'fc_soft_armed': False, 'fc_redlines_armed': False, 'fc_state': 1}
2025-01-24 17:23:24,666 INFO {'fc_fire': False, 'fc_pulse': 1, 'fc_pdelay': 5000, 'fc_soft_armed': False, 'fc_redlines_armed': False, 'fc_state': 1}
2025-01-24 17:23:24,666 INFO {'fc_fire': False, 'fc_pulse': 1, 'fc_pdelay': 5000, 'fc_soft_armed': False, 'fc_redlines_armed': False, 'fc_state': 1}
2025-01-24 17:23:24,666 INFO {'fc_fire': False, 'fc_pulse': 1, 'fc_pdelay': 5000, 'fc_soft_armed': False, 'fc_redlines_armed': False, 'fc_state': 1}
2025-01-24 17:23:24,666 INFO {'fc_fire': False, 'fc_pulse': 1, 'fc_pdelay': 5000, 'fc_soft_armed': False, 'fc_redlines_armed': False, 'fc_state': 1}
2025-01-24 17:23:24,666 INFO {'fc_fire': False, 'fc_pulse': 1, 'fc_pdelay': 5000, 'fc_soft_armed': False, 'fc_redlines_armed': False, 'fc_state': 1}
2025-01-24 17:23:24,666 INFO {'fc_fire': False, 'fc_pulse': 1, 'fc_pdelay': 5000, 'fc_soft_armed': False, 'fc_redlines_armed': False, 'fc_state': 1}
2025-01-24 17:23:24,666 INFO {'fc_fire': False, 'fc_pulse': 1, 'fc_pdelay': 5000, 'fc_soft_armed': False, 'fc_redlines_armed': False, 'fc_state': 1}
2025-01-24 17:23:24,666 INFO {'fc_fire': False, 'fc_pulse': 1, 'fc_pdelay': 5000, 'fc_soft_armed': False, 'fc_redlines_armed': False, 'fc_state': 1}
2025-01-24 17:23:24,666 INFO {'fc_fire': False, 'fc_pulse': 1, 'fc_pdelay': 5000, 'fc_soft_armed': False, 'fc_redlines_armed': False, 'fc_state': 1}
2025-01-24 17:23:24,666 INFO {'fc_fire': False, 'fc_pulse': 1, 'fc_pdelay': 5000, 'fc_soft_armed': False, 'fc_redlines_armed': False, 'fc_state': 1}
2025-01-24 17:23:24,666 INFO {'fc_fire': False, 'fc_pulse': 1, 'fc_pdelay': 5000, 'fc_soft_armed': False, 'fc_redlines_armed': False, 'fc_state': 1}
2025-01-24 17:23:24,666 INFO {'fc_fire': False, 'fc_pulse': 1, 'fc_pdelay': 5000, 'fc_soft_armed': False, 'fc_redlines_armed': False, 'fc_state': 1}
